,Artist,Joined,Subscribers,Total Views,Date,Title,Category,Views,Likes,Dislikes,URL
0,FrivolousFox ASMR,2016-05-02,924275,202803441,2018-12-10,Goodnight ASMR ~ Tingly Outro Compilation,People & Blogs,122622,6249,68,https://www.youtube.com/watch?v=m6KXmkD-2MI
1,FrivolousFox ASMR,2016-05-02,924275,202803441,2018-12-07,ASMR [Christmas Themed] Marshmallow Eating üéÖ‚òÉÔ∏è,People & Blogs,162369,6688,227,https://www.youtube.com/watch?v=DSJDYmm7sL0
2,FrivolousFox ASMR,2016-05-02,924275,202803441,2018-12-05,ASMR Ear Massage üòä,People & Blogs,410873,10816,287,https://www.youtube.com/watch?v=KYf9GXfDbmE
3,FrivolousFox ASMR,2016-05-02,924275,202803441,2018-12-03,Banana ASMR ~ Satisfying Mouth Sounds//Peeling//Tapping,People & Blogs,276259,9442,594,https://www.youtube.com/watch?v=f9bB9k5aEFQ
4,FrivolousFox ASMR,2016-05-02,924275,202803441,2018-11-30,ASMR Over Your Ears üéß ~ Headset TiNgLeCePtIoN for Tingle Immunity,People & Blogs,366699,10356,262,https://www.youtube.com/watch?v=e3NqXps-Bew
5,FrivolousFox ASMR,2016-05-02,924275,202803441,2018-11-28,ASMR 900K Ear Noms & Kisses ~,People & Blogs,920573,24922,850,https://www.youtube.com/watch?v=TYlDLXf0rUc
6,FrivolousFox ASMR,2016-05-02,924275,202803441,2018-11-26,ASMR [1 HOUR+] Ear Tapping ~ Minimal Talking//Maximum Tingles,People & Blogs,282604,7394,274,https://www.youtube.com/watch?v=v3p6JeYfbXE
7,FrivolousFox ASMR,2016-05-02,924275,202803441,2018-11-23,"ASMR Sincere (Holiday?) Affirmations ~ Shh, It‚Äôs Okay",People & Blogs,286434,9155,189,https://www.youtube.com/watch?v=bbhDRCN6GMM
8,FrivolousFox ASMR,2016-05-02,924275,202803441,2018-11-21,ASMR Thanksgiving Kisses ~ Ear to Ear Tingly Appreciation,People & Blogs,538037,13447,450,https://www.youtube.com/watch?v=ne2Mxo71dEE
9,FrivolousFox ASMR,2016-05-02,924275,202803441,2018-11-19,ASMR LoFi Licking üòõ,People & Blogs,297262,10206,300,https://www.youtube.com/watch?v=A7swaSutjt8
10,FrivolousFox ASMR,2016-05-02,924275,202803441,2018-11-16,"ASMR Uncovering You: Autumn Leaves ~ Crinkles, Counting & Personal Attention",People & Blogs,178699,6332,119,https://www.youtube.com/watch?v=rIw5hrD8P4E
11,FrivolousFox ASMR,2016-05-02,924275,202803441,2018-11-14,"ASMR 1 HOUR, 100 LAYERS ~ Ear to Ear Lipgloss Tingles",People & Blogs,921597,21780,885,https://www.youtube.com/watch?v=JIt1aK1UC44
12,FrivolousFox ASMR,2016-05-02,924275,202803441,2018-11-09,"ASMR Gum, Tapping & Unintelligible Whispers üê•",People & Blogs,294983,8212,262,https://www.youtube.com/watch?v=hY_zM_py-oQ
13,FrivolousFox ASMR,2016-05-02,924275,202803441,2018-11-07,"ASMR (UP CLOSE) Face Brushing & Tingly Phrases ~ Toasted Coconut, A little bit, It's okay",People & Blogs,290609,8898,164,https://www.youtube.com/watch?v=8nMiB0V25UQ
14,FrivolousFox ASMR,2016-05-02,924275,202803441,2018-11-05,ASMR Treating your Headache ~ Scalp Massage & Love :),People & Blogs,485510,11751,293,https://www.youtube.com/watch?v=aWRlY-dIufc
15,FrivolousFox ASMR,2016-05-02,924275,202803441,2018-11-02,ASMR Tracing Fall Trigger Words ~ Subtle Mouth Sounds & Visual Trigger Heaven,People & Blogs,403451,9148,177,https://www.youtube.com/watch?v=rFwyQFfqeoY
16,FrivolousFox ASMR,2016-05-02,924275,202803441,2018-10-31,"ASMR Halloween Show & Tell ~ Tapping, Scratching, Tracing",People & Blogs,179375,5704,129,https://www.youtube.com/watch?v=dH2KxkHYM_s
17,FrivolousFox ASMR,2016-05-02,924275,202803441,2018-10-24,ASMR (Tascam) Vampire Mouth Sounds ft. SlightSounds ASMR,People & Blogs,328756,10281,200,https://www.youtube.com/watch?v=9OyN3f4FwcU
18,FrivolousFox ASMR,2016-05-02,924275,202803441,2018-10-22,ASMR Casting a Spell on You ~ (Ear to Ear Inaudible/Unintelligible Affirmations),People & Blogs,472734,12689,349,https://www.youtube.com/watch?v=4YqWIB5v2xg
19,FrivolousFox ASMR,2016-05-02,924275,202803441,2018-10-19,ASMR Vampire Ear Eating ~,People & Blogs,1279303,29454,1465,https://www.youtube.com/watch?v=0PrmCnshsG0
20,FrivolousFox ASMR,2016-05-02,924275,202803441,2018-10-17,ASMR Doo Bee Dee Bops (Soft Humming Like My Intro) w/ Ear Tapping/Caressing ~,People & Blogs,384171,10176,255,https://www.youtube.com/watch?v=lVd84iDH-o8
21,FrivolousFox ASMR,2016-05-02,924275,202803441,2018-10-15,"ASMR Tapping, Scratching & Hair Brushing ~",People & Blogs,254069,6943,189,https://www.youtube.com/watch?v=GxtF1vXJmN0
22,FrivolousFox ASMR,2016-05-02,924275,202803441,2018-10-13,ASMR Lo-Fi Mic Nibbling & Licking ft. Petrana Gala,People & Blogs,453632,14821,544,https://www.youtube.com/watch?v=t-CzeLn_Mz0
23,FrivolousFox ASMR,2016-05-02,924275,202803441,2018-10-10,"ASMR Tingle Party [OG STYLE] ~ Tapping/K'sses/SkSk/Shh/Cupping, etc. ~",People & Blogs,417118,10420,258,https://www.youtube.com/watch?v=IMRONQMWrQ8
24,FrivolousFox ASMR,2016-05-02,924275,202803441,2018-10-08,[ASMR] UP-CLOSE Camera Tapping ~ Personal Attention Tingles,People & Blogs,340389,8888,211,https://www.youtube.com/watch?v=Um84-TIxjVY
25,FrivolousFox ASMR,2016-05-02,924275,202803441,2018-10-07,LIVE ASMR :),Entertainment,112731,3529,104,https://www.youtube.com/watch?v=gnREbOKcfiA
26,FrivolousFox ASMR,2016-05-02,924275,202803441,2018-10-05,ASMR [Halloween Themed] Marshmallow Eating ~ Extremely Satisfying Mouth Sounds,People & Blogs,322304,9755,297,https://www.youtube.com/watch?v=OtgM25G5vHE
27,FrivolousFox ASMR,2016-05-02,924275,202803441,2018-10-03,[ASMR] The Tingle Spa ~  Face Massage Virtual Experience,People & Blogs,257700,6242,148,https://www.youtube.com/watch?v=j3hu_PTm4A0
28,FrivolousFox ASMR,2016-05-02,924275,202803441,2018-10-01,[ASMR] Kisses & Shh's ~ Spoopy Edition üëª,People & Blogs,526425,13791,410,https://www.youtube.com/watch?v=HRB2aLJID9s
29,FrivolousFox ASMR,2016-05-02,924275,202803441,2018-09-28,ASMR Lo-Fi Stipples & Mouth Sounds ~ Dark & Cozy Tingles,People & Blogs,243543,6715,164,https://www.youtube.com/watch?v=v6MkmwasJVQ
30,FrivolousFox ASMR,2016-05-02,924275,202803441,2018-09-26,ASMR Lollipop & Trigger Words ~ Up-Close Mouth Sounds & Breathing Tingles :),People & Blogs,560960,11507,442,https://www.youtube.com/watch?v=taQD3c8pGGs
31,FrivolousFox ASMR,2016-05-02,924275,202803441,2018-09-24,ASMR (UP-CLOSE & PERSONAL) Plucking Away Negativity & Whispered Affirmations ~,People & Blogs,406461,10667,208,https://www.youtube.com/watch?v=XBywbdxs95c
32,FrivolousFox ASMR,2016-05-02,924275,202803441,2018-09-21,"ASMR Twin Ear Attention ~ Binaural Brushing, Inaudible Whispers, Scratching, Mouth Sounds etc",People & Blogs,351220,9232,201,https://www.youtube.com/watch?v=k-Ua47SXRxI
33,FrivolousFox ASMR,2016-05-02,924275,202803441,2018-09-19,ASMR Heavenly Scalp Scratching (Binaural Mic Scratching) ~,People & Blogs,431008,9720,307,https://www.youtube.com/watch?v=FvFaWduubHU
34,FrivolousFox ASMR,2016-05-02,924275,202803441,2018-09-18,The ASMR Tag {25 Questions Challenge} ~ Soft Spoken Q&A,People & Blogs,142410,4058,109,https://www.youtube.com/watch?v=GBQCxMtUy9A
35,FrivolousFox ASMR,2016-05-02,924275,202803441,2018-09-14,ASMR Twin Ear Licking ~ Extreme Mouth Sounds for Tingle Immunity,People & Blogs,1110542,22489,801,https://www.youtube.com/watch?v=GmGiYZpwCTM
36,FrivolousFox ASMR,2016-05-02,924275,202803441,2018-09-13,"ASMR ""The Accident"" // Why I'm an ASMRtist ~ My ""About"" Tab Explained",People & Blogs,407540,16242,368,https://www.youtube.com/watch?v=ek9f4IVXR8Q
37,FrivolousFox ASMR,2016-05-02,924275,202803441,2018-09-12,ASMR Tracing Your Name #3 ~ Visual Trigger Love ‚ú®,People & Blogs,242468,6379,167,https://www.youtube.com/watch?v=L9kj1UflX3o
38,FrivolousFox ASMR,2016-05-02,924275,202803441,2018-09-10,ASMR Lullabies for Tingles & Relaxation ~ Softly Singing You to Sleep,People & Blogs,265537,8648,291,https://www.youtube.com/watch?v=GWQvqp4vHGg
39,FrivolousFox ASMR,2016-05-02,924275,202803441,2018-09-07,ASMR Dr. Frivolous Patches You Up ~,People & Blogs,796022,16758,1790,https://www.youtube.com/watch?v=imPQz9VYkCw
40,FrivolousFox ASMR,2016-05-02,924275,202803441,2018-09-05,ASMR Soft Spoken Ramble & Rain ‚ú®,People & Blogs,181208,5852,130,https://www.youtube.com/watch?v=vboKiR2OSSs
41,FrivolousFox ASMR,2016-05-02,924275,202803441,2018-09-03,ASMR Subtle Mouth Sounds & Gentle Ear Brushing ~,People & Blogs,606765,12089,403,https://www.youtube.com/watch?v=tQgyt3OQ_Wo
42,FrivolousFox ASMR,2016-05-02,924275,202803441,2018-08-31,[ASMR] Sticky Finger Tapping & Gum Chewing ~,People & Blogs,281680,7971,264,https://www.youtube.com/watch?v=r0Ms5HbBEgo
43,FrivolousFox ASMR,2016-05-02,924275,202803441,2018-08-29,ASMR Mesmerizing Hand Movements ~,People & Blogs,410374,9947,320,https://www.youtube.com/watch?v=5d6sd8kAYQ4
44,FrivolousFox ASMR,2016-05-02,924275,202803441,2018-08-25,LIVE ASMR ~,Entertainment,154350,4764,166,https://www.youtube.com/watch?v=iQvb45pf21A
45,FrivolousFox ASMR,2016-05-02,924275,202803441,2018-08-24,ASMR (1HOUR+) Tapping & Soft/Inaudible Whispers ~,People & Blogs,641904,13082,467,https://www.youtube.com/watch?v=QSnVum7xbBY
46,FrivolousFox ASMR,2016-05-02,924275,202803441,2018-08-20,Tascam Kisses & Hand Movements ~,People & Blogs,503031,12233,239,https://www.youtube.com/watch?v=gqnxpPRNfjk
47,FrivolousFox ASMR,2016-05-02,924275,202803441,2018-08-17,[ASMR] Sincere Affirmations ~ Fluffy Mic,People & Blogs,379098,10097,193,https://www.youtube.com/watch?v=qIExTr5OjmA
48,FrivolousFox ASMR,2016-05-02,924275,202803441,2018-08-15,"[ASMR] Crispy, Frothy Meringue Cookies ~ Intense Mouth Sounds Eating/Mukbang",People & Blogs,378321,10371,411,https://www.youtube.com/watch?v=Yw27iRKe8Og
49,FrivolousFox ASMR,2016-05-02,924275,202803441,2018-08-13,[ASMR] The 16 Most Beautiful Words ~,People & Blogs,345014,9056,222,https://www.youtube.com/watch?v=A8egxF2vTic
50,FrivolousFox ASMR,2016-05-02,924275,202803441,2018-08-10,"[ASMR] The Tingliest Trigger Trio ~ Tapping, Unintelligible Whispers & Gum Chewing",People & Blogs,425693,9997,348,https://www.youtube.com/watch?v=PHK_V0uy-bo
51,FrivolousFox ASMR,2016-05-02,924275,202803441,2018-08-08,ASMR LoFi Nibbles ~,Entertainment,517261,17453,524,https://www.youtube.com/watch?v=1uCPDK6MAeY
52,FrivolousFox ASMR,2016-05-02,924275,202803441,2018-08-06,ASMR 100 Layers of Lipgloss ~ Mouth Sounds & Visual Triggers ‚ú®,People & Blogs,768231,17109,734,https://www.youtube.com/watch?v=IUBFSSXLVCA
53,FrivolousFox ASMR,2016-05-02,924275,202803441,2018-08-01,"ASMR Hair Brushing (Soft Spoken) ~ Brushing Yours, too!",People & Blogs,209852,6922,163,https://www.youtube.com/watch?v=oUBPA9dF6WI
54,FrivolousFox ASMR,2016-05-02,924275,202803441,2018-07-30,ASMR Fluffy Mics & Soft Breathing ~ Shhh ‚ú®,People & Blogs,343518,9255,198,https://www.youtube.com/watch?v=KbvcW9u-p-M
55,FrivolousFox ASMR,2016-05-02,924275,202803441,2018-07-27,"ASMR Face Brushing & Up-Close Whispers ~ Wet Mouth Sounds, Stuttering & Repeating Words",People & Blogs,617724,12887,398,https://www.youtube.com/watch?v=X_i_20CVyJY
56,FrivolousFox ASMR,2016-05-02,924275,202803441,2018-07-23,ASMR Ear Massage & Brushing ~,People & Blogs,774442,12089,381,https://www.youtube.com/watch?v=wBz4A1QhOLw
57,FrivolousFox ASMR,2016-05-02,924275,202803441,2018-07-22,"ASMR [40min] Softly Singing My Most Requested Songs ~ Adele, Elvis, Xtentacion, Jeff Buckley, etc",People & Blogs,604566,24884,672,https://www.youtube.com/watch?v=lOB1DKOaIIU
58,FrivolousFox ASMR,2016-05-02,924275,202803441,2018-07-20,ASMR Mic VS Mic Trigger Test ~ Trigger Words & Ear Play,People & Blogs,335007,11211,208,https://www.youtube.com/watch?v=bIIhCULeOBc
59,FrivolousFox ASMR,2016-05-02,924275,202803441,2018-07-17,"ASMR Fluffy Tingles ~ Humming, Soft Breathing, Whispers & Doo Bee Dee Bops",People & Blogs,275385,8586,278,https://www.youtube.com/watch?v=QP-FdIFBdpo
60,FrivolousFox ASMR,2016-05-02,924275,202803441,2018-07-15,[ASMR] Ear Eating Atonement üòõ,People & Blogs,1085328,19373,720,https://www.youtube.com/watch?v=vOzCQgl4sO8
61,FrivolousFox ASMR,2016-05-02,924275,202803441,2018-07-14,"[ASMR] TWIN Unintelligible Whispers, Mouth Sounds & Ear Play ~ Tingle Overload ü§Ø‚ú®",People & Blogs,526114,18817,357,https://www.youtube.com/watch?v=LBfaZMQy-0U
62,FrivolousFox ASMR,2016-05-02,924275,202803441,2018-07-11,ASMR Ear Eating ~ NEW MIC :D,People & Blogs,1112961,24410,977,https://www.youtube.com/watch?v=mbGGM98kz40
63,FrivolousFox ASMR,2016-05-02,924275,202803441,2018-07-09,ASMR Your Favorite Mouth Sounds ~,People & Blogs,681269,14346,497,https://www.youtube.com/watch?v=E4TlLaij7a8
64,FrivolousFox ASMR,2016-05-02,924275,202803441,2018-07-06,ASMR BLINDFOLDED TRIGGER TEST ~ Guessing Game for Tingles & Relaxation ‚ú®,People & Blogs,252305,8995,235,https://www.youtube.com/watch?v=xaZ2r2rhCcE
65,FrivolousFox ASMR,2016-05-02,924275,202803441,2018-07-04,"ASMR Ear to Ear Kisses, Soft Breathing & Whispers ~",People & Blogs,1328487,22161,1025,https://www.youtube.com/watch?v=EVsKgoIRfIo
66,FrivolousFox ASMR,2016-05-02,924275,202803441,2018-07-02,ASMR for Anxiety ~ Calming You Down ~ Caring Friend Roleplay,People & Blogs,471732,13299,290,https://www.youtube.com/watch?v=Ds9AY4HlPWg
67,FrivolousFox ASMR,2016-05-02,924275,202803441,2018-06-29,"ASMR Tingly Hand Movements, Shhh, SkSkSk, Gum Chewing ~ LoFi Friday",People & Blogs,325139,8969,298,https://www.youtube.com/watch?v=l7JfTTnMyeI
68,FrivolousFox ASMR,2016-05-02,924275,202803441,2018-06-27,"ASMR Eating Raw HoneyComb ~ Sticky, Satisfying Mouth Sounds",People & Blogs,987521,19771,964,https://www.youtube.com/watch?v=SQBTpmpu6Nw
69,FrivolousFox ASMR,2016-05-02,924275,202803441,2018-06-26,ASMR Hypnotic Tingle Party ~ Tapping/Mic Scratching/Unintelligible Whispers ~ Layered Sounds,People & Blogs,562788,13437,377,https://www.youtube.com/watch?v=YSkSTCpiDMU
70,FrivolousFox ASMR,2016-05-02,924275,202803441,2018-06-22,ASMR Nail Tapping ~ UP-CLOSE UNDERRATED TRIGGER,People & Blogs,268626,8026,183,https://www.youtube.com/watch?v=OIERGWxmy30
71,FrivolousFox ASMR,2016-05-02,924275,202803441,2018-06-15,ASMR Mic Nibbling ~ Up-Close Mouth Sounds for Tingles & Relaxation,People & Blogs,802502,15538,659,https://www.youtube.com/watch?v=7frzHGVEMkA
72,FrivolousFox ASMR,2016-05-02,924275,202803441,2018-06-12,ASMR Ear Licking ~ Extreme Mouth Sounds for Tingle Immunity,People & Blogs,10695424,113993,14279,https://www.youtube.com/watch?v=-BdSCcmJKJk
73,FrivolousFox ASMR,2016-05-02,924275,202803441,2018-06-11,"ASMR Fluffy Guided Relaxation ~ ""Shh,"" ""It's Okay,"" Soft Breathing, etc.",People & Blogs,1474018,21331,640,https://www.youtube.com/watch?v=AdwCo7GFSM4
74,FrivolousFox ASMR,2016-05-02,924275,202803441,2018-06-08,Whispering 40 Bad Dad Jokes Ear to Ear ~ Feel Good ASMR,People & Blogs,273249,8940,257,https://www.youtube.com/watch?v=PPZcmpTPVyQ
75,FrivolousFox ASMR,2016-05-02,924275,202803441,2018-06-07,ASMR Ear to Ear Gum Chewing & Tapping ~ Soft Spoken/Mouth Sounds,People & Blogs,436826,10514,415,https://www.youtube.com/watch?v=0gNePDlG3Aw
76,FrivolousFox ASMR,2016-05-02,924275,202803441,2018-06-06,ASMR Bloopers! Softly Singing Fails ~,People & Blogs,132408,5546,135,https://www.youtube.com/watch?v=2d7aNUEgrYA
77,FrivolousFox ASMR,2016-05-02,924275,202803441,2018-06-05,ASMR Soft Singing Covers ~ Billie Eilish Edition ~ Pop Lullabies,People & Blogs,447203,20283,381,https://www.youtube.com/watch?v=dZHO5OwIXxI
78,FrivolousFox ASMR,2016-05-02,924275,202803441,2018-05-12,ASMR Mic Scratching & Unintelligible Whispers ~ BLUE YETI WINNER :),Entertainment,616148,12746,381,https://www.youtube.com/watch?v=JnagzEd9ZUQ
79,FrivolousFox ASMR,2016-05-02,924275,202803441,2018-05-09,ASMR New Mic(s) Test! Tapping/Spanish Words/Inaudible Whispers/Humming etc,Entertainment,1033355,24000,571,https://www.youtube.com/watch?v=XLJiH95z_CE
80,FrivolousFox ASMR,2016-05-02,924275,202803441,2018-05-08,ASMR Scalp Massage & REAL Hair Brushing ~ (Color/ProperAudio),Entertainment,487673,8631,231,https://www.youtube.com/watch?v=qYvBQe5sjVk
81,FrivolousFox ASMR,2016-05-02,924275,202803441,2018-05-07,ASMR B&W Scalp Massage & Real Hair Brushing ~ Up-close Personal Attention Roleplay,Entertainment,291035,7103,187,https://www.youtube.com/watch?v=SlKnR9-z9LY
82,FrivolousFox ASMR,2016-05-02,924275,202803441,2018-05-02,ASMR Tracing YOUR Name ~ Up-Close Visuals/Tongue Clicks,Entertainment,389621,8636,203,https://www.youtube.com/watch?v=_aW9jsN3t6w
83,FrivolousFox ASMR,2016-05-02,924275,202803441,2018-04-30,ASMR  Honey Mic Eating ~,Entertainment,1193541,23371,948,https://www.youtube.com/watch?v=RQhIu6qZKco
84,FrivolousFox ASMR,2016-05-02,924275,202803441,2018-04-29,ASMR [45+ Mins] Wet Mouth Sounds & Sticky Fingers ~,Entertainment,686459,13461,481,https://www.youtube.com/watch?v=nRnN1rAsNpA
85,FrivolousFox ASMR,2016-05-02,924275,202803441,2018-04-27,ASMR Candle Lighting & Tapping [Test],Entertainment,187267,5457,144,https://www.youtube.com/watch?v=Nq1TbeqzA-M
86,FrivolousFox ASMR,2016-05-02,924275,202803441,2018-04-23,ASMR Covering You with Kisses ~ UPCLOSE Personal Attention/Visual Triggers,Entertainment,2427620,32665,1434,https://www.youtube.com/watch?v=620fSaNGaa0
87,FrivolousFox ASMR,2016-05-02,924275,202803441,2018-04-18,"ASMR *Plucking* Away Negativity ~ *underrated trigger* [Hand Movements, PA & Affirmations]",Entertainment,940959,17526,456,https://www.youtube.com/watch?v=76v-Qt0w4XM
88,FrivolousFox ASMR,2016-05-02,924275,202803441,2018-04-13,ASMR 500K TWIN EAR EATING CELEBRATION ~,Entertainment,6093025,80477,4891,https://www.youtube.com/watch?v=k2U7MdhioYw
89,FrivolousFox ASMR,2016-05-02,924275,202803441,2018-04-11,"Live ASMR ~ Ear Play, Soft Singing, Chill Chat",Entertainment,356527,10689,273,https://www.youtube.com/watch?v=LXW_xVKBM9o
90,FrivolousFox ASMR,2016-05-02,924275,202803441,2018-04-11,Trying to give my mom ASMR,Entertainment,547602,18721,393,https://www.youtube.com/watch?v=SZaxDa5AwTc
91,FrivolousFox ASMR,2016-05-02,924275,202803441,2018-04-09,Soft Spoken Updates ~ BlueYeti & Easter Giveaway! Big Announcements,Entertainment,215890,12489,177,https://www.youtube.com/watch?v=9iyCEmqy-Ss
92,FrivolousFox ASMR,2016-05-02,924275,202803441,2018-03-26,I‚Äôm taking a break from ASMR,Entertainment,1307845,57852,2420,https://www.youtube.com/watch?v=v62toWclFI4
93,FrivolousFox ASMR,2016-05-02,924275,202803441,2018-03-23,ASMR Tingly Tascam Ear Cleaning ~ Lo-Fi Friday Roleplay :),Entertainment,618659,11512,302,https://www.youtube.com/watch?v=ACrW8OCA0fU
94,FrivolousFox ASMR,2016-05-02,924275,202803441,2018-03-22,ASMR 30 Minutes of My Intro ~ Humming/Doo Bee Dee's :),Entertainment,430989,12065,395,https://www.youtube.com/watch?v=uWf1Ek83M48
95,FrivolousFox ASMR,2016-05-02,924275,202803441,2018-03-19,ASMR Close-Up Ear Massage ~ Personal Attention Roleplay,Entertainment,550877,10497,252,https://www.youtube.com/watch?v=_dLuRFkXt18
96,FrivolousFox ASMR,2016-05-02,924275,202803441,2018-03-15,ASMR Ear Licking ~,Entertainment,3653382,40894,4279,https://www.youtube.com/watch?v=j0qTOneQLAA
97,FrivolousFox ASMR,2016-05-02,924275,202803441,2018-03-14,ASMR (Softly) Singing You to Sleep ~ Coldplay Edition!,Entertainment,678555,21186,366,https://www.youtube.com/watch?v=-pEwg1_ERCg
98,FrivolousFox ASMR,2016-05-02,924275,202803441,2018-03-12,ASMR Lip Gloss & Mouth Sounds,Entertainment,883896,15982,821,https://www.youtube.com/watch?v=SG5Ig3fZ_-8
99,FrivolousFox ASMR,2016-05-02,924275,202803441,2018-03-09,ASMR Mic Nibbling/ Intense Mouth Sounds ~ Lo-Fi Friday,Entertainment,980189,18493,964,https://www.youtube.com/watch?v=XIRKA5fmZEM
100,FrivolousFox ASMR,2016-05-02,924275,202803441,2018-03-07,ASMR Twin Kisses ~,Entertainment,1680774,23264,1339,https://www.youtube.com/watch?v=TH9eNatTVNg
101,FrivolousFox ASMR,2016-05-02,924275,202803441,2018-03-05,ASMR Unintelligible Whispers & Ear Brushing,Entertainment,608041,11842,380,https://www.youtube.com/watch?v=DmAu9xDZegA
102,FrivolousFox ASMR,2016-05-02,924275,202803441,2018-03-02,ASMR Lip-Smacking/ Gentle Mouth Sounds ~ Lo-Fi Friday,Entertainment,208369,6015,238,https://www.youtube.com/watch?v=GPV4D3OSix0
103,FrivolousFox ASMR,2016-05-02,924275,202803441,2018-02-23,ASMR Trigger Words & Hand Movements ~ Lo-Fi Friday,Entertainment,214835,5757,182,https://www.youtube.com/watch?v=y8vrrAD5GVo
104,FrivolousFox ASMR,2016-05-02,924275,202803441,2018-02-22,ASMR Breathing & Affirmations ~,People & Blogs,404685,7357,172,https://www.youtube.com/watch?v=jKpNnlVd3OU
105,FrivolousFox ASMR,2016-05-02,924275,202803441,2018-02-21,ASMR Kisses & Pop Rocks,People & Blogs,287444,7593,306,https://www.youtube.com/watch?v=jCtlqpx_0cM
106,FrivolousFox ASMR,2016-05-02,924275,202803441,2018-02-20,ASMR Heartbeat Tingles ~ Ear to Ear Breathing & Affirmations,People & Blogs,504037,8686,291,https://www.youtube.com/watch?v=5qG61Y3X2-g
107,FrivolousFox ASMR,2016-05-02,924275,202803441,2018-02-19,Hello :),People & Blogs,179727,6602,141,https://www.youtube.com/watch?v=M3zX-uDTB-4
108,FrivolousFox ASMR,2016-05-02,924275,202803441,2018-02-16,ASMR January Tingle Party ~ Kisses//SkSkSk//Hand Movements//etc,People & Blogs,494554,9433,284,https://www.youtube.com/watch?v=rvt87k0rOSs
109,FrivolousFox ASMR,2016-05-02,924275,202803441,2018-02-14,ASMR V-Day Kisses for YOU ft. EllieAlien ASMR :),People & Blogs,457692,11123,517,https://www.youtube.com/watch?v=RyKX4fxCgFg
110,FrivolousFox ASMR,2016-05-02,924275,202803441,2018-02-12,Feel Good ASMR ~ Popcorn Eating & Whisper Rambles :),People & Blogs,240448,6091,264,https://www.youtube.com/watch?v=YWHNaOFBmlE
111,FrivolousFox ASMR,2016-05-02,924275,202803441,2018-02-09,ASMR Mic Nibbling ~ Intense Mouth Sounds,People & Blogs,3303616,41608,4032,https://www.youtube.com/watch?v=NR43Lq9l70g
112,FrivolousFox ASMR,2016-05-02,924275,202803441,2018-02-08,ASMR Hair & Mic Brushing,People & Blogs,439018,9443,207,https://www.youtube.com/watch?v=ZZm1vjNj5jM
113,FrivolousFox ASMR,2016-05-02,924275,202803441,2018-02-06,[ASMR] Tracing YOUR Name ~ Ear to Ear Whispers & Visual Trigger Love ‚ù§Ô∏è,People & Blogs,357949,7954,194,https://www.youtube.com/watch?v=GUyG0ycOn4Q
114,FrivolousFox ASMR,2016-05-02,924275,202803441,2018-02-02,ASMR Mic Licking üòõ ~ LoFi Friday,Entertainment,930861,18175,1167,https://www.youtube.com/watch?v=ToB-j78Gk0I
115,FrivolousFox ASMR,2016-05-02,924275,202803441,2018-01-31,ASMR [20 Min+] Ear Tapping ~,People & Blogs,834810,14311,433,https://www.youtube.com/watch?v=al954kxeCQ8
116,FrivolousFox ASMR,2016-05-02,924275,202803441,2018-01-26,ASMR LoFi Gum Chewing & Tapping ~,People & Blogs,285055,6981,296,https://www.youtube.com/watch?v=UNfCgTjuv6k
117,FrivolousFox ASMR,2016-05-02,924275,202803441,2018-01-25,"[ASMR] Skin Sounds/Finger Fluttering, Lotion Sounds & Visual Triggers :~)",People & Blogs,577642,8796,290,https://www.youtube.com/watch?v=SNkHvh__uHk
118,FrivolousFox ASMR,2016-05-02,924275,202803441,2018-01-23,"ASMR Visual Triggers Tingle Party ~ Hand Movements//Skin Touching//Hair Play, etc.",People & Blogs,568060,11784,318,https://www.youtube.com/watch?v=41GKTGbsZ80
119,FrivolousFox ASMR,2016-05-02,924275,202803441,2018-01-17,[ASMR] Lollipop Licking & Tracing ~ Fluffy Mic!,People & Blogs,998325,15106,786,https://www.youtube.com/watch?v=KZxNYRVbVGQ
120,FrivolousFox ASMR,2016-05-02,924275,202803441,2018-01-14,LoFi Mouth Sounds ~,People & Blogs,986138,18308,1042,https://www.youtube.com/watch?v=5N2YLX3nFJI
121,FrivolousFox ASMR,2016-05-02,924275,202803441,2018-01-14,ASMR Ear Eating ~,People & Blogs,6682694,77132,5633,https://www.youtube.com/watch?v=UdWyYaDcEMs
122,FrivolousFox ASMR,2016-05-02,924275,202803441,2018-01-11,ASMR New Years Affirmations~ Brush Visual Triggers//Ear to Ear Whispers,People & Blogs,191553,4772,117,https://www.youtube.com/watch?v=t9WvPn0wTfE
123,FrivolousFox ASMR,2016-05-02,924275,202803441,2018-01-10,ASMR Eating a Rice Krispy in the Rain ~ Mouth Sounds/Rain Sounds,People & Blogs,282711,6974,236,https://www.youtube.com/watch?v=aII-CEtETBE
124,FrivolousFox ASMR,2016-05-02,924275,202803441,2018-01-05,ASMR Lo-Fi Lullabies ~ Soft Singing/Hand Movements,People & Blogs,406183,11163,278,https://www.youtube.com/watch?v=skgtKAuxess
125,FrivolousFox ASMR,2016-05-02,924275,202803441,2018-01-03,ASMR Update Tingle Party ~ Soft Spoken Ramble/Tapping/Ear Play/Kisses,People & Blogs,182709,6252,157,https://www.youtube.com/watch?v=G3L9MA60b9I
126,FrivolousFox ASMR,2016-05-02,924275,202803441,2017-12-25,ASMR For those that don't LOVE the holidays ~ Soft Spoken Ramble/Affirmations/Kisses/Hand Movements,People & Blogs,267146,8827,202,https://www.youtube.com/watch?v=yFTutxiWkF0
127,FrivolousFox ASMR,2016-05-02,924275,202803441,2017-12-16,ASMR Singing You to Sleep w/ *Christmas Carols* ~ ft. Gibi ASMR,People & Blogs,939943,28716,642,https://www.youtube.com/watch?v=pqiZyKy1HIk
128,FrivolousFox ASMR,2016-05-02,924275,202803441,2017-12-07,ASMR The Fluffiest Tingles ~ Up-close Whispers/Visual Triggers,People & Blogs,338266,7549,233,https://www.youtube.com/watch?v=5qIb_MMrs9M
129,FrivolousFox ASMR,2016-05-02,924275,202803441,2017-12-04,Tingle Party ~ Whisper Ramble//Ear Play//Slime Sounds//Kisses,People & Blogs,365957,8606,223,https://www.youtube.com/watch?v=2c926QwJPtQ
130,FrivolousFox ASMR,2016-05-02,924275,202803441,2017-11-29,"ASMR Fluffy Mic Affirmations, Hand Movements & Tingly Mouth Sounds ~",People & Blogs,653921,12421,340,https://www.youtube.com/watch?v=ETiDtCXYZ38
131,FrivolousFox ASMR,2016-05-02,924275,202803441,2017-11-24,"ASMR Soap Triggers ~ Tapping on Soap, Cardboard, Crinkly Packaging :)",People & Blogs,277820,6240,196,https://www.youtube.com/watch?v=YH5uFI-YqHE
132,FrivolousFox ASMR,2016-05-02,924275,202803441,2017-11-22,ASMR Kisses to Brighten Your Day ~,People & Blogs,765265,12477,462,https://www.youtube.com/watch?v=qnMHk_UQwO8
133,FrivolousFox ASMR,2016-05-02,924275,202803441,2017-11-19,"ASMR DIY Slime ~ Tapping, Mixing, Squishing, Crunching",People & Blogs,154412,4057,139,https://www.youtube.com/watch?v=uZqQAYg0Hcg
134,FrivolousFox ASMR,2016-05-02,924275,202803441,2017-11-17,LIVE ASMR Update Ramble :-),People & Blogs,139931,4011,118,https://www.youtube.com/watch?v=cNzkbwUsQWU
135,FrivolousFox ASMR,2016-05-02,924275,202803441,2017-11-16,ASMR Softly Singing ~ Sweater Weather by The Neighbourhood,People & Blogs,366185,14951,277,https://www.youtube.com/watch?v=eTcdB3gW9Mk
136,FrivolousFox ASMR,2016-05-02,924275,202803441,2017-11-12,"ASMR Slow Talking Ramble, Soft Breathing, & Kisses ~",People & Blogs,573964,10184,394,https://www.youtube.com/watch?v=7BBHbiGQmfQ
137,FrivolousFox ASMR,2016-05-02,924275,202803441,2017-11-12,"ASMR Tracing Your Name ~ Soft Spoken, Visual Trigger Hype :)",People & Blogs,327316,7097,227,https://www.youtube.com/watch?v=13ntg8klULc
138,FrivolousFox ASMR,2016-05-02,924275,202803441,2017-11-03,ASMR Eating & Mouth Sounds ~ Frivolously Eating Popcorn,People & Blogs,292478,6244,276,https://www.youtube.com/watch?v=6hHdWt13ado
139,FrivolousFox ASMR,2016-05-02,924275,202803441,2017-10-16,"ASMR Up-close, Slow Mouth Sounds ~",People & Blogs,926217,14168,535,https://www.youtube.com/watch?v=uGV9gP6RSMI
140,FrivolousFox ASMR,2016-05-02,924275,202803441,2017-10-11,"[40+ mins] Tapping, Scratching & Crinkling You to Sleep ~",People & Blogs,1740913,19686,986,https://www.youtube.com/watch?v=tB15iJT2yR8
141,FrivolousFox ASMR,2016-05-02,924275,202803441,2017-10-06,Eatin' Snacks from Around the World ~ Mouth Sounds/Crinkles/Silliness,People & Blogs,146442,3257,136,https://www.youtube.com/watch?v=Cn5yz4qhyFE
142,FrivolousFox ASMR,2016-05-02,924275,202803441,2017-10-03,Tascam Tingle Party ~ Tapping/SkSkSk/Hand Movements,People & Blogs,361177,8123,229,https://www.youtube.com/watch?v=K6G6ZOBM2vw
143,FrivolousFox ASMR,2016-05-02,924275,202803441,2017-09-30,ASMR September Patreon Tingle Party ~,People & Blogs,203090,5076,122,https://www.youtube.com/watch?v=YODOK5Y8n74
144,FrivolousFox ASMR,2016-05-02,924275,202803441,2017-09-25,ASMR Live Streams ~ Tues/Thurs AEDT,People & Blogs,87667,2374,96,https://www.youtube.com/watch?v=hfE0A_EaaDs
145,FrivolousFox ASMR,2016-05-02,924275,202803441,2017-09-21,"ASMR Light-hearted, Caring Friend Roleplay :)",People & Blogs,491129,9238,234,https://www.youtube.com/watch?v=aGv79cDBUig
146,FrivolousFox ASMR,2016-05-02,924275,202803441,2017-09-08,ASMR Softly Singing and Humming You to Sleep,People & Blogs,1886365,33369,788,https://www.youtube.com/watch?v=zw4cF2zhATk
147,FrivolousFox ASMR,2016-05-02,924275,202803441,2017-09-08,"ASMR Secret Santa Unboxing ~ Soft Spoken/Tapping/Scratching/Crinkling, etc.",People & Blogs,151646,3111,110,https://www.youtube.com/watch?v=4WqWnbzYYGE
148,FrivolousFox ASMR,2016-05-02,924275,202803441,2017-09-02,Affirmations & Visual Triggers to Help You Sleep ASMR,People & Blogs,400078,6359,203,https://www.youtube.com/watch?v=nEFM1N7b2kc
149,FrivolousFox ASMR,2016-05-02,924275,202803441,2017-08-29,ASMR Ear Eating~,People & Blogs,7197176,83409,6121,https://www.youtube.com/watch?v=-crVDF2l_Po
150,FrivolousFox ASMR,2016-05-02,924275,202803441,2017-08-23,"ASMR Affirmation Tingle Party ~ Mouth Sounds//Whispers//Ear Eating//Soft Singing, etc.",People & Blogs,717799,12308,316,https://www.youtube.com/watch?v=SUoDqfF5gcE
151,FrivolousFox ASMR,2016-05-02,924275,202803441,2017-08-21,I can stream on mobile! O:,People & Blogs,135529,4139,100,https://www.youtube.com/watch?v=0A8iA1_5mqY
152,FrivolousFox ASMR,2016-05-02,924275,202803441,2017-08-16,ASMR Mouth Sounds ~ Eating Mentos & Rambles,People & Blogs,279948,5492,191,https://www.youtube.com/watch?v=FUMwhxG7Nlo
153,FrivolousFox ASMR,2016-05-02,924275,202803441,2017-08-14,ASMR Frivolous Ramble ~ Soft Spoken/Gum Chewing/Soft Singing ASMR,People & Blogs,229747,6110,201,https://www.youtube.com/watch?v=r89CG7DP_As
154,FrivolousFox ASMR,2016-05-02,924275,202803441,2017-08-13,ASMR Face Brushing ~,People & Blogs,170690,4012,155,https://www.youtube.com/watch?v=vOolzgj2DDE
155,FrivolousFox ASMR,2016-05-02,924275,202803441,2017-08-11,ASMR DIY Slime Play ~,People & Blogs,209348,4200,134,https://www.youtube.com/watch?v=bucpjafUA3s
156,FrivolousFox ASMR,2016-05-02,924275,202803441,2017-08-10,"ASMR Brushy Brush Brushing ~ Ear Brushing/Stippling/Hand Brushing, etc ASMR",People & Blogs,209822,4194,117,https://www.youtube.com/watch?v=DTgo2-suHKo
157,FrivolousFox ASMR,2016-05-02,924275,202803441,2017-08-07,ASMR Floam/Crunchy Slime Play ASMR,People & Blogs,368865,6974,256,https://www.youtube.com/watch?v=VmXxj3sQd4Y
158,FrivolousFox ASMR,2016-05-02,924275,202803441,2017-08-03,ASMR Popsicle & Ear Eating,People & Blogs,366774,6790,298,https://www.youtube.com/watch?v=a-oyvFdwFy4
159,FrivolousFox ASMR,2016-05-02,924275,202803441,2017-08-02,ASMR Pen Nommin' ~ Plastic Chewing,People & Blogs,291888,6022,231,https://www.youtube.com/watch?v=Fqm08TxFkgA
160,FrivolousFox ASMR,2016-05-02,924275,202803441,2017-08-01,ASMR INTENSE CRINKLES IN YOUR EARS ~ (No seriously... intense.) ASMR,People & Blogs,281940,6147,236,https://www.youtube.com/watch?v=OQoP7Z_NTUw
161,FrivolousFox ASMR,2016-05-02,924275,202803441,2017-07-31,ASMR Up Close Kisses to Help You Sleep ~,People & Blogs,511483,8704,301,https://www.youtube.com/watch?v=D1tnoHn8uHI
162,FrivolousFox ASMR,2016-05-02,924275,202803441,2017-07-30,ASMR Ear Tapping & Gum Chewing ASMR,People & Blogs,337303,6784,341,https://www.youtube.com/watch?v=Y-PGcUvlARo
163,FrivolousFox ASMR,2016-05-02,924275,202803441,2017-07-27,ASMR Ear Play Tingle Party by GrubbyFox ASMR ASMR,People & Blogs,404632,7954,270,https://www.youtube.com/watch?v=xQqoBPvhbbY
164,FrivolousFox ASMR,2016-05-02,924275,202803441,2017-07-16,ASMR Ear Eating & Inaudible Whispers,People & Blogs,4150939,44640,3076,https://www.youtube.com/watch?v=Qq1ix0jPqoQ
165,FrivolousFox ASMR,2016-05-02,924275,202803441,2017-07-15,ASMR Frivolous Kisses ~,People & Blogs,1350377,18258,726,https://www.youtube.com/watch?v=whHymJEiJlw
166,FrivolousFox ASMR,2016-05-02,924275,202803441,2017-06-19,ASMR Unintelligible Story Time ~ ASMR,People & Blogs,498934,7108,300,https://www.youtube.com/watch?v=zRpB40-soiw
167,FrivolousFox ASMR,2016-05-02,924275,202803441,2017-06-10,"ASMR Ear Brushing, Eating, Licking & Kissing ~ ASMR",People & Blogs,2180248,21732,976,https://www.youtube.com/watch?v=J1muh1efpK4
168,FrivolousFox ASMR,2016-05-02,924275,202803441,2017-06-05,ASMR B&W Facial Massage ~ ASMR,People & Blogs,619976,6397,273,https://www.youtube.com/watch?v=zj7gPT09xjE
169,FrivolousFox ASMR,2016-05-02,924275,202803441,2017-06-02,ASMR THE TINGLIEST WORD EVER ~ ASMR,People & Blogs,434245,7466,633,https://www.youtube.com/watch?v=GMmGxZ_GHnU
170,FrivolousFox ASMR,2016-05-02,924275,202803441,2017-05-31,ASMR New Mic Ear Play! ~Pop Microphone~,People & Blogs,2339064,24377,1197,https://www.youtube.com/watch?v=GcwB80OO4sM
171,FrivolousFox ASMR,2016-05-02,924275,202803441,2017-05-31,ASMR Your Favorite Trigger Words ~ ASMR,People & Blogs,511212,7065,289,https://www.youtube.com/watch?v=u2Fmxs0Cuj4
172,FrivolousFox ASMR,2016-05-02,924275,202803441,2017-05-28,ASMR Unboxing ~,People & Blogs,99626,1955,69,https://www.youtube.com/watch?v=Q8DBqyXuLSo
173,FrivolousFox ASMR,2016-05-02,924275,202803441,2017-05-19,ASMR Doo Bee Dee's & Humming,People & Blogs,156518,3188,120,https://www.youtube.com/watch?v=ixrzFPCGf7s
174,FrivolousFox ASMR,2016-05-02,924275,202803441,2017-05-16,ASMR Softly Singing & Hand Movements ~ Six Feet Under - Billie Eilish Cover,People & Blogs,210369,7295,155,https://www.youtube.com/watch?v=CkV817dr9DA
175,FrivolousFox ASMR,2016-05-02,924275,202803441,2017-05-14,Late Night Affirmations & Kisses ~,People & Blogs,362229,6376,143,https://www.youtube.com/watch?v=uaVv_nSDd60
176,FrivolousFox ASMR,2016-05-02,924275,202803441,2017-05-10,ASMR Face Brushing and Brush Eating ~,People & Blogs,233521,4182,197,https://www.youtube.com/watch?v=i7dT-7Ma1Fw
177,FrivolousFox ASMR,2016-05-02,924275,202803441,2017-05-09,ASMR Ear Play Tingle Party ~ [NEW MIC TESTING],People & Blogs,613322,8799,388,https://www.youtube.com/watch?v=2SZmlcNzkQQ
178,FrivolousFox ASMR,2016-05-02,924275,202803441,2017-05-02,ASMR Softly Singing ~ Pumped Up Kicks Cover,People & Blogs,370846,13434,352,https://www.youtube.com/watch?v=1p75C2VMCxk
179,FrivolousFox ASMR,2016-05-02,924275,202803441,2017-05-02,ASMR Whisper Ramble ~ I have merch!?! O: & other ways to support me :),People & Blogs,85309,1937,70,https://www.youtube.com/watch?v=L5wvJL-e9X4
180,FrivolousFox ASMR,2016-05-02,924275,202803441,2017-04-29,ASMR Watermelon Eating ~,People & Blogs,199421,3557,140,https://www.youtube.com/watch?v=7s7OtQpSVnQ
181,FrivolousFox ASMR,2016-05-02,924275,202803441,2017-04-25,ASMR Lollipop Licking ~ Mouth Sounds//Mic Brushing//Plastic Chewing,People & Blogs,233718,4186,161,https://www.youtube.com/watch?v=rd-OSXVX1Dc
182,FrivolousFox ASMR,2016-05-02,924275,202803441,2017-04-23,ASMR Positive Affirmations to Help You Sleep ~,People & Blogs,1034082,11307,527,https://www.youtube.com/watch?v=Y3BSUZnBFq8
183,FrivolousFox ASMR,2016-05-02,924275,202803441,2017-04-20,ASMR Chillin' with my buns :),People & Blogs,126967,2170,97,https://www.youtube.com/watch?v=osjGZpcim54
184,FrivolousFox ASMR,2016-05-02,924275,202803441,2017-04-17,ASMR Zoom Tingle Party! Mouth Sounds//Tapping//Humming//Sleep Affirmations ~,People & Blogs,229374,3839,135,https://www.youtube.com/watch?v=vYmHTeaObag
185,FrivolousFox ASMR,2016-05-02,924275,202803441,2017-04-13,ASMR Eating and Playing with Sugary Marshmallows ~,People & Blogs,231146,4552,213,https://www.youtube.com/watch?v=ABsaOmR7f-M
186,FrivolousFox ASMR,2016-05-02,924275,202803441,2017-04-12,ASMR All the Kisses!,People & Blogs,2809614,30748,2071,https://www.youtube.com/watch?v=M98TnmoEoh0
187,FrivolousFox ASMR,2016-05-02,924275,202803441,2017-04-12,ASMR Soft Spoken Reading ~ The Kindness Pact Part 3 ~ Always Do Your Best,People & Blogs,65403,1284,57,https://www.youtube.com/watch?v=sDJyqc97Z_M
188,FrivolousFox ASMR,2016-05-02,924275,202803441,2017-04-07,ASMR Bathtime with Frivvi ~ audio only ~,People & Blogs,148143,2726,579,https://www.youtube.com/watch?v=tgEigmDQ7JU
189,FrivolousFox ASMR,2016-05-02,924275,202803441,2017-04-03,ASMR Frivolously Fiddling with a Wallet ~ Tapping//Scratching//Zipping,People & Blogs,107868,2043,86,https://www.youtube.com/watch?v=a0b9HQascOA
190,FrivolousFox ASMR,2016-05-02,924275,202803441,2017-04-03,ASMR The Kindness Pact ~ The First Promise ~ Soft Spoken Reading//Tapping//Page Turning,People & Blogs,89104,2054,72,https://www.youtube.com/watch?v=RjqgrVpuSn4
191,FrivolousFox ASMR,2016-05-02,924275,202803441,2017-04-01,(APRIL FOOLS PRANK!) 1 HOUR of Inaudible/Unintelligible Whispering ~,People & Blogs,185797,5243,1472,https://www.youtube.com/watch?v=NanAMmO0nIo
192,FrivolousFox ASMR,2016-05-02,924275,202803441,2017-03-31,ASMR Painting Bunnies :P,People & Blogs,101733,2080,100,https://www.youtube.com/watch?v=xJgdkKw7KNY
193,FrivolousFox ASMR,2016-05-02,924275,202803441,2017-03-30,ASMR Ear Licking & Whispering Ear to Ear,People & Blogs,3959002,40453,2228,https://www.youtube.com/watch?v=sH1w4yq-6yU
194,FrivolousFox ASMR,2016-05-02,924275,202803441,2017-03-29,ASMR The Kindness Pact ~ Soft Spoken Reading//Tapping//Scratching,People & Blogs,167947,3341,117,https://www.youtube.com/watch?v=WSZLEbgvYLA
195,FrivolousFox ASMR,2016-05-02,924275,202803441,2017-03-25,ASMR Plastic Chewing Sounds ~ Pen Noms ~,People & Blogs,427033,7258,311,https://www.youtube.com/watch?v=RGOjpIPnVFo
196,FrivolousFox ASMR,2016-05-02,924275,202803441,2017-03-24,ASMR ü¶äSoft Singingü¶ä ~ Make You Feel My Love Adele Cover,People & Blogs,164475,5727,171,https://www.youtube.com/watch?v=YuhtGKsb_ng
197,FrivolousFox ASMR,2016-05-02,924275,202803441,2017-03-23,ASMR HeartBeat Tingles ~ Ear to Ear Breathing//Kisses//Little Bit O' Soft Singing,People & Blogs,636206,9293,363,https://www.youtube.com/watch?v=qQRZzE_oO5A
198,FrivolousFox ASMR,2016-05-02,924275,202803441,2017-03-18,ASMR Collarbone Tingles ~ Close Up Visual Triggers ~ Skin Caressing//Humming//Mouth Sounds,People & Blogs,738013,13555,447,https://www.youtube.com/watch?v=4Da3D-W7gTA
199,FrivolousFox ASMR,2016-05-02,924275,202803441,2017-03-16,ASMR Ear Massage with Frivvi ~,People & Blogs,1513847,15408,558,https://www.youtube.com/watch?v=oKhWO8EL964
200,FrivolousFox ASMR,2016-05-02,924275,202803441,2017-03-15,"Patreon Stream FAIL ~ Making Ears Bleed, Setting Fashion Trends. FrivolousFox ASMR in a nutshell.",People & Blogs,91463,1650,168,https://www.youtube.com/watch?v=asn3n3-1RTE
201,FrivolousFox ASMR,2016-05-02,924275,202803441,2017-03-14,ASMR Ear to Ear Doo Bee Doo Bops ~ Humming//Soft Singing,People & Blogs,239521,4441,176,https://www.youtube.com/watch?v=zTfwKhOtD-Y
202,FrivolousFox ASMR,2016-05-02,924275,202803441,2017-03-12,ASMR Mic Licking ~,People & Blogs,7000148,64929,4352,https://www.youtube.com/watch?v=xt3TYfea4Ps
203,FrivolousFox ASMR,2016-05-02,924275,202803441,2017-03-12,ASMR Gum Chewing & Unintelligible Whispering ~,People & Blogs,197497,3238,148,https://www.youtube.com/watch?v=bnQbDykNXE4
204,FrivolousFox ASMR,2016-05-02,924275,202803441,2017-03-07,ASMR Guessing the Rainbow ~ Skittles Eating Sounds & Whispers,People & Blogs,273836,4288,226,https://www.youtube.com/watch?v=I7kt2s9toP8
205,FrivolousFox ASMR,2016-05-02,924275,202803441,2017-03-03,"ASMR Close Up Rambles, Tapping, & LoveLoveLove Cards for YOU ~",People & Blogs,80370,1791,60,https://www.youtube.com/watch?v=6AeIPU5dQj8
206,FrivolousFox ASMR,2016-05-02,924275,202803441,2017-03-03,Bunny Noms ~ Meet My Buns ;P ASMR,People & Blogs,73116,2779,48,https://www.youtube.com/watch?v=hU5747lDNKI
207,FrivolousFox ASMR,2016-05-02,924275,202803441,2017-03-02,ASMR Unboxing MY FEELINGS WTF and chill :'),People & Blogs,101514,2486,91,https://www.youtube.com/watch?v=hstFYb3WGgI
208,FrivolousFox ASMR,2016-05-02,924275,202803441,2017-03-01,ASMR 100K SUBS!! Ear Noms Celebration ~,People & Blogs,7844006,67429,4028,https://www.youtube.com/watch?v=7JS9S2GbXyw
209,FrivolousFox ASMR,2016-05-02,924275,202803441,2017-02-28,ASMR Hairplay & Rambles,People & Blogs,227172,3893,99,https://www.youtube.com/watch?v=t3wg-kzAgyY
210,FrivolousFox ASMR,2016-05-02,924275,202803441,2017-02-26,ASMR Tingles with Frivvi ~ Cupping//Tapping//EarEating//Singing//Rambles,People & Blogs,476323,7704,318,https://www.youtube.com/watch?v=r8TfGDXoId8
211,FrivolousFox ASMR,2016-05-02,924275,202803441,2017-02-24,ASMR Pen Noms ~ Plastic Chewing & Mouth Sounds,People & Blogs,867335,11801,495,https://www.youtube.com/watch?v=N7YIjf4PCuM
212,FrivolousFox ASMR,2016-05-02,924275,202803441,2017-02-22,"1/2 ASMR, 1/2 Inappropriate Livestream ~ Unboxing & Karaoke ~",People & Blogs,146674,3459,145,https://www.youtube.com/watch?v=9l6DGdg3d8I
213,FrivolousFox ASMR,2016-05-02,924275,202803441,2017-02-15,"What is ASMR, What is Me? Soft Spoken Ramble :')",People & Blogs,643528,5701,674,https://www.youtube.com/watch?v=p1HeC9zPdYw
214,FrivolousFox ASMR,2016-05-02,924275,202803441,2017-02-02,ASMR Whisper Rambles ~ Tapping//Mouth Sounds//Singing,People & Blogs,412802,6415,221,https://www.youtube.com/watch?v=pJkm_A1TIHA
215,FrivolousFox ASMR,2016-05-02,924275,202803441,2017-01-29,ASMR Cherry Flavored Ear Noms ~ Intense Mouth Sounds//Ear & Lollie Eating,People & Blogs,843324,11223,558,https://www.youtube.com/watch?v=dxbtEgwotko
216,FrivolousFox ASMR,2016-05-02,924275,202803441,2017-01-25,ASMR Softly Singing ~ #5?,People & Blogs,619893,11730,354,https://www.youtube.com/watch?v=w_RumkJoFB4
217,FrivolousFox ASMR,2016-05-02,924275,202803441,2017-01-25,ASMR Simple Tingles ~ Frizzy Frivvi Hair Brushing,People & Blogs,96736,1765,41,https://www.youtube.com/watch?v=Hk4tVifoXJc
218,FrivolousFox ASMR,2016-05-02,924275,202803441,2017-01-23,ASMR Close Up Tingle Party~ Kisses//Gum Chewing//Repeating Words//HairPlay etc,People & Blogs,481457,5387,372,https://www.youtube.com/watch?v=BglJH3XfB7A
219,FrivolousFox ASMR,2016-05-02,924275,202803441,2017-01-19,ASMR Close Your Eyes ~ Hair & Ear Brushing,People & Blogs,157065,2677,346,https://www.youtube.com/watch?v=8d5E4sdXj94
220,FrivolousFox ASMR,2016-05-02,924275,202803441,2017-01-16,ASMR ~Slow~ Talking with Caressing//Kissing//Cupping,People & Blogs,345045,3978,182,https://www.youtube.com/watch?v=Z65f-riw6Jc
221,FrivolousFox ASMR,2016-05-02,924275,202803441,2017-01-11,Live [Failed] ASMR ~ Fly Hunting & No Chill,People & Blogs,108781,1318,88,https://www.youtube.com/watch?v=SyfrAJ7DTXM
222,FrivolousFox ASMR,2016-05-02,924275,202803441,2017-01-11,ASMR Tingle Party 5 ~ Cupping//Tapping//Mouth Sounds//Brushing//Whispering//etc.,People & Blogs,216820,3121,132,https://www.youtube.com/watch?v=gjSm6GsfQdo
223,FrivolousFox ASMR,2016-05-02,924275,202803441,2017-01-08,Literal Mic Eating ~,People & Blogs,5907082,50337,3141,https://www.youtube.com/watch?v=anRwt5fMMCA
224,FrivolousFox ASMR,2016-05-02,924275,202803441,2017-01-06,ASMR Close Up ~ Kisses//Slow Breathing//Fogging the Lens,People & Blogs,399090,5009,206,https://www.youtube.com/watch?v=ARA6z3QGdjM
225,FrivolousFox ASMR,2016-05-02,924275,202803441,2017-01-03,ASMR Literal Ear Eating Sounds ~,People & Blogs,2747660,36255,2049,https://www.youtube.com/watch?v=kAyoRlv41Co
226,FrivolousFox ASMR,2016-05-02,924275,202803441,2016-12-11,ASMR A Misophonic's Worst Nightmare ~,People & Blogs,138052,1835,151,https://www.youtube.com/watch?v=4oWW-GGbp1s
227,FrivolousFox ASMR,2016-05-02,924275,202803441,2016-12-10,ASMR Countdown Tingle Party ~ And How Not To Do Your Makeup :'),People & Blogs,127249,1798,62,https://www.youtube.com/watch?v=CQIElCiDGec
228,FrivolousFox ASMR,2016-05-02,924275,202803441,2016-12-09,ASMR Lollipop Eating Sounds ~,People & Blogs,187023,2577,202,https://www.youtube.com/watch?v=0NuM3legHX8
229,FrivolousFox ASMR,2016-05-02,924275,202803441,2016-12-07,ASMR Ear Noms & Company ~ EarNibbles//Kisses//EarEating//Tapping//Breathing,People & Blogs,5479046,34844,2047,https://www.youtube.com/watch?v=Y-zjHMcUWVY
230,FrivolousFox ASMR,2016-05-02,924275,202803441,2016-12-07,ASMR Mini Tingle Party :),People & Blogs,138915,2080,50,https://www.youtube.com/watch?v=9Bt8KVo5oU4
231,FrivolousFox ASMR,2016-05-02,924275,202803441,2016-12-06,ASMR Gummy Tingles ~ Mouth Sounds//Tapping//Soft Spoken,People & Blogs,262934,2699,182,https://www.youtube.com/watch?v=m6IAuJqSq3Q
232,FrivolousFox ASMR,2016-05-02,924275,202803441,2016-12-04,ASMR Sleep Affirmations ~,People & Blogs,66429,945,43,https://www.youtube.com/watch?v=d1PTPQsuiEw
233,FrivolousFox ASMR,2016-05-02,924275,202803441,2016-12-03,ASMR Softly-Singing Holiday Carols,People & Blogs,168710,3273,101,https://www.youtube.com/watch?v=cIIKRjkLVcI
234,FrivolousFox ASMR,2016-05-02,924275,202803441,2016-12-02,ASMR *Very* Close-Up Kisses ~,People & Blogs,1676828,15582,941,https://www.youtube.com/watch?v=aclza8OzK-E
235,FrivolousFox ASMR,2016-05-02,924275,202803441,2016-12-03,ASMR Bloopers! Ear Noms Fail~ My Life in a Nutshell :-),People & Blogs,1292637,17785,1206,https://www.youtube.com/watch?v=gqKuJLxGiPQ
236,FrivolousFox ASMR,2016-05-02,924275,202803441,2016-12-02,ASMR Way Too Close Up Kisses :D:,People & Blogs,861377,5832,491,https://www.youtube.com/watch?v=6QqOPUZj71Y
237,FrivolousFox ASMR,2016-05-02,924275,202803441,2016-12-02,ASMR *Very* Close-Up Kisses ~,People & Blogs,1676828,15582,941,https://www.youtube.com/watch?v=aclza8OzK-E
238,FrivolousFox ASMR,2016-05-02,924275,202803441,2016-12-02,ASMR YOU Are My Baby Bunny,People & Blogs,231685,3746,142,https://www.youtube.com/watch?v=cGADe1rl4_4
239,FrivolousFox ASMR,2016-05-02,924275,202803441,2016-12-01,ASMR 12 Days of Tingles~,People & Blogs,78921,1789,80,https://www.youtube.com/watch?v=rEnOAiA-HSQ
240,FrivolousFox ASMR,2016-05-02,924275,202803441,2016-11-24,ASMR Ear Noms~ Ear Nibbles & Kisses!,People & Blogs,2700090,22522,1803,https://www.youtube.com/watch?v=zjJu_NX8Vmk
241,FrivolousFox ASMR,2016-05-02,924275,202803441,2016-11-24,ASMR Visual Trigger Love ~ Skin Touching & Hand Movements,People & Blogs,378854,4965,189,https://www.youtube.com/watch?v=5HpJX1eke6k
242,FrivolousFox ASMR,2016-05-02,924275,202803441,2016-11-24,ASMR [New Camera Test] Kisses,People & Blogs,1878074,11604,1019,https://www.youtube.com/watch?v=auECye2vMUE
243,FrivolousFox ASMR,2016-05-02,924275,202803441,2016-11-20,ASMR ~Louder~ Ear Brushing,People & Blogs,172328,2277,78,https://www.youtube.com/watch?v=YZQICPzpk_M
244,FrivolousFox ASMR,2016-05-02,924275,202803441,2016-11-20,ASMR Ear Brushing,People & Blogs,217751,3011,93,https://www.youtube.com/watch?v=Oeca3DI4LYs
245,FrivolousFox ASMR,2016-05-02,924275,202803441,2016-11-09,ASMR Ear Nibbles & Kisses,People & Blogs,1239129,14542,515,https://www.youtube.com/watch?v=RXwDgauaMv8
246,FrivolousFox ASMR,2016-05-02,924275,202803441,2016-11-05,ASMR Tascam Tingle Party!,People & Blogs,375767,4828,291,https://www.youtube.com/watch?v=ZPHYRzh9b6E
247,FrivolousFox ASMR,2016-05-02,924275,202803441,2016-10-28,[WONKY AUDIO]ASMR Tingle Party #4 EarEating//Nibbling//Kissing//Singing//Cupping//Tapping//etc,People & Blogs,154817,2397,129,https://www.youtube.com/watch?v=6FroM1UsMMI
248,FrivolousFox ASMR,2016-05-02,924275,202803441,2016-10-25,ASMR Marshmallow & Gum Chewing,People & Blogs,617202,6368,331,https://www.youtube.com/watch?v=STMtYgjUEOQ
249,FrivolousFox ASMR,2016-05-02,924275,202803441,2016-10-23,ASMR Repeating Words,People & Blogs,46952,713,31,https://www.youtube.com/watch?v=Cqp5X0eh2-w
250,FrivolousFox ASMR,2016-05-02,924275,202803441,2016-10-15,ASMR Ear Eating & Kissing,People & Blogs,761084,7417,344,https://www.youtube.com/watch?v=rVFlNPCKp84
251,FrivolousFox ASMR,2016-05-02,924275,202803441,2016-10-12,ASMR Tingle *KickBack* More chill than a party B) Ear Eating//Kissing//Cupping//Gum Chewing,People & Blogs,170914,2585,97,https://www.youtube.com/watch?v=peDdp4B7tdE
252,FrivolousFox ASMR,2016-05-02,924275,202803441,2016-10-09,ASMR Live Stream Triggers & Real Talk,People & Blogs,39552,655,17,https://www.youtube.com/watch?v=Iu8QSn6bkes
253,FrivolousFox ASMR,2016-05-02,924275,202803441,2016-10-04,ASMR Trigger Test ~,People & Blogs,232219,2955,118,https://www.youtube.com/watch?v=U7ryGApuU3c
254,FrivolousFox ASMR,2016-05-02,924275,202803441,2016-10-02,ASMR Visual Triggers & Reassurance on a Stormy Night,People & Blogs,42834,890,26,https://www.youtube.com/watch?v=YlLr2KHKB7w
255,FrivolousFox ASMR,2016-05-02,924275,202803441,2016-10-01,ASMR Softly Singing #3,People & Blogs,169568,2435,50,https://www.youtube.com/watch?v=0y-DwN-HOaU
256,FrivolousFox ASMR,2016-05-02,924275,202803441,2016-09-20,ASMR Late Night Whispers//Kisses//Ear Eating&Cupping//etc.,People & Blogs,475611,5297,232,https://www.youtube.com/watch?v=jMCXPW2lRPs
257,FrivolousFox ASMR,2016-05-02,924275,202803441,2016-09-20,ASMR Singing Softly #2,People & Blogs,468917,7059,156,https://www.youtube.com/watch?v=VDSit1F9yMA
258,FrivolousFox ASMR,2016-05-02,924275,202803441,2016-09-12,ASMR Cupping//Whispering//Tapping,People & Blogs,68396,1124,35,https://www.youtube.com/watch?v=syT6yYzR-ys
259,FrivolousFox ASMR,2016-05-02,924275,202803441,2016-09-12,ASMR Ice Cream Cone Eating Sounds ~,People & Blogs,46840,992,46,https://www.youtube.com/watch?v=BheaGgm3me4
260,FrivolousFox ASMR,2016-05-02,924275,202803441,2016-09-12,ASMR Tapping Bliss ~,People & Blogs,72248,1141,32,https://www.youtube.com/watch?v=tB2srvD9odw
261,FrivolousFox ASMR,2016-05-02,924275,202803441,2016-08-29,ASMR ~Slow~ Ear Eating//Kisses//Soft Whispers (Tingle Party #2),People & Blogs,2539282,19719,1059,https://www.youtube.com/watch?v=tlkfNhvsW6I
262,FrivolousFox ASMR,2016-05-02,924275,202803441,2016-08-26,ASMR Tingle Party! ~ Kissing//Ear Eating//Cupping//Tapping//Poking//Etc,People & Blogs,738700,8508,377,https://www.youtube.com/watch?v=_4aoEUwmj2U
263,FrivolousFox ASMR,2016-05-02,924275,202803441,2016-08-21,ASMR Kisses #2 For YOU,People & Blogs,658373,6184,296,https://www.youtube.com/watch?v=Tyvrst4NvzI
264,FrivolousFox ASMR,2016-05-02,924275,202803441,2016-08-18,ASMR Softly Singing You to Sleep,People & Blogs,159286,2711,58,https://www.youtube.com/watch?v=lLEjHYIJWVY
265,FrivolousFox ASMR,2016-05-02,924275,202803441,2016-08-17,ASMR Get Ready W/ Me,People & Blogs,35657,676,15,https://www.youtube.com/watch?v=VPC85L-3PEE
266,FrivolousFox ASMR,2016-05-02,924275,202803441,2016-08-16,ASMR Valley Girl Repeating Words,People & Blogs,121368,1402,149,https://www.youtube.com/watch?v=q5cHKdstgBg
267,FrivolousFox ASMR,2016-05-02,924275,202803441,2016-08-15,ASMR Inaudible Whispers & Tapping,People & Blogs,81390,1071,65,https://www.youtube.com/watch?v=XYsQoV4HdWs
268,FrivolousFox ASMR,2016-05-02,924275,202803441,2016-08-11,ASMR Valley Girl Rambles,People & Blogs,130136,1170,109,https://www.youtube.com/watch?v=m1YxPYzgtsU
269,FrivolousFox ASMR,2016-05-02,924275,202803441,2016-08-04,ASMR Kisses,People & Blogs,400040,4603,154,https://www.youtube.com/watch?v=HN0liBadGLg
270,FrivolousFox ASMR,2016-05-02,924275,202803441,2016-08-03,ASMR Engraving Art,People & Blogs,18050,246,13,https://www.youtube.com/watch?v=pbflIhoxvxg
271,FrivolousFox ASMR,2016-05-02,924275,202803441,2016-06-28,ASMR Concerned Friend & Lullabies Roleplay,People & Blogs,324998,4201,114,https://www.youtube.com/watch?v=G3OAgR2CwpU
272,FrivolousFox ASMR,2016-05-02,924275,202803441,2016-06-26,ASMR Ear Play & Mouth Sounds,People & Blogs,96554,1053,74,https://www.youtube.com/watch?v=q4idZnuaSSU
273,FrivolousFox ASMR,2016-05-02,924275,202803441,2016-06-22,"ASMR Cupping, Kissing, & Singing",People & Blogs,179841,2205,100,https://www.youtube.com/watch?v=0-odPf-mRMw
274,FrivolousFox ASMR,2016-05-02,924275,202803441,2016-06-04,Alternative ASMR Ocean Animal Sounds//Mic Test,People & Blogs,22893,352,31,https://www.youtube.com/watch?v=S2GgfNW8IJ0
275,FrivolousFox ASMR,2016-05-02,924275,202803441,2016-06-04,ASMR New Mic 3Dio Mouth Sounds,People & Blogs,92275,1072,73,https://www.youtube.com/watch?v=5Pc11aNz_zI
276,FrivolousFox ASMR,2016-05-02,924275,202803441,2016-05-31,Silly Drunk ASMR Livestream :P,People & Blogs,203216,3063,126,https://www.youtube.com/watch?v=KhMHXwL8pxg
277,FrivolousFox ASMR,2016-05-02,924275,202803441,2016-05-29,"ASMR Livestream! Make-up, Tapping, & gum Chewing :)",People & Blogs,13358,157,16,https://www.youtube.com/watch?v=eogw3sUfizU
278,FrivolousFox ASMR,2016-05-02,924275,202803441,2016-05-20,ASMR Livestream! Mouth sounds,People & Blogs,42318,558,34,https://www.youtube.com/watch?v=mD9-ljMXZkY
279,FrivolousFox ASMR,2016-05-02,924275,202803441,2016-05-17,ASMR Live Stream! Mouth Sounds & Soft-Singing :),People & Blogs,187410,2717,164,https://www.youtube.com/watch?v=008kxbZUrYE
280,FrivolousFox ASMR,2016-05-02,924275,202803441,2016-05-09,ASMR LIVE #2 (‚úø ‚óï‚Äø‚óï),People & Blogs,20766,340,13,https://www.youtube.com/watch?v=GSMyf0GE1lw
281,FrivolousFox ASMR,2016-05-02,924275,202803441,2016-05-03,ASMR LIVE (‚úø ‚óï‚Äø‚óï),People & Blogs,63798,1387,38,https://www.youtube.com/watch?v=CridbHpeOq4
