,Artist,Joined,Subscribers,Total Views,Date,Title,Views,Likes,Dislikes,URL
0,Gibi ASMR,2016-06-18,1528493,381687831,2018-12-08,[ASMR] Happy Christmas Song Humming for Sleep ‚ùÑÔ∏èüéÑ,250580,9942,218,https://www.youtube.com/watch?v=M0xRCrqaffA
1,Gibi ASMR,2016-06-18,1528493,381687831,2018-12-06,"[ASMR] Unwrapping Wooden Triggers ‚ô° (Soft Spoken, Tapping)",382117,10392,232,https://www.youtube.com/watch?v=doS3YF55xX4
2,Gibi ASMR,2016-06-18,1528493,381687831,2018-12-04,[ASMR] Big Sister Reads You to Sleep During a Thunderstorm (Part 7),200193,6198,134,https://www.youtube.com/watch?v=Fg9mdZvT-_U
3,Gibi ASMR,2016-06-18,1528493,381687831,2018-12-01,"[ASMR] Whispered Farm Simulator Gameplay {Typing, Clicking} *Stardew Valley*",283028,7992,223,https://www.youtube.com/watch?v=U5k9Dff4voY
4,Gibi ASMR,2016-06-18,1528493,381687831,2018-11-29,[ASMR] Ear Massage and Brushing (Whispered Close Up Attention),994743,17942,469,https://www.youtube.com/watch?v=cu3sm0rmDQY
5,Gibi ASMR,2016-06-18,1528493,381687831,2018-11-27,[ASMR] (No Talking) Soft Face and Ear Brushing For Sleep,478922,11956,265,https://www.youtube.com/watch?v=nv7gnnRQvS0
6,Gibi ASMR,2016-06-18,1528493,381687831,2018-11-26,800+ Reese Mountain!! üß° ASMR Triggers for Delicious Relaxation | Reese Ritual,715442,15001,882,https://www.youtube.com/watch?v=GYgQrnvzNeo
7,Gibi ASMR,2016-06-18,1528493,381687831,2018-11-24,[ASMR] Daphne Interrogates You | Scooby Doo,599503,18167,538,https://www.youtube.com/watch?v=NrxIxEzyg90
8,Gibi ASMR,2016-06-18,1528493,381687831,2018-11-22,[ASMR] Gibi & Fast ASMR: German üá©üá™ vs American üá∫üá∏ Candy,438149,14139,302,https://www.youtube.com/watch?v=jRY4GAYR4rA
9,Gibi ASMR,2016-06-18,1528493,381687831,2018-11-20,[ASMR] Making a Hand Turkey ‚ô° Scissor Snipping & Painting,497102,13263,287,https://www.youtube.com/watch?v=s4rAhZ-o2t8
10,Gibi ASMR,2016-06-18,1528493,381687831,2018-11-17,[ASMR] In-Home Eye Exam & Contact Appointment,713141,15107,450,https://www.youtube.com/watch?v=s__lrPUJj24
11,Gibi ASMR,2016-06-18,1528493,381687831,2018-11-15,[ASMR] Soft Spoken Wig Try-On,363633,9612,216,https://www.youtube.com/watch?v=ySbCtJPeo3Y
12,Gibi ASMR,2016-06-18,1528493,381687831,2018-11-13,[ASMR] The Gaming Store 4,934931,20036,542,https://www.youtube.com/watch?v=rH8KWADhriA
13,Gibi ASMR,2016-06-18,1528493,381687831,2018-11-10,Exploring ASMR Objects with an ASMRtist {ft. Angelica},361112,11314,353,https://www.youtube.com/watch?v=2cs5mhZTlYA
14,Gibi ASMR,2016-06-18,1528493,381687831,2018-11-08,[ASMR] Japanese Convenience Store Checkout with Daisy,558506,15599,555,https://www.youtube.com/watch?v=3yzhzBpPg6s
15,Gibi ASMR,2016-06-18,1528493,381687831,2018-11-06,Gibi & Frivvi Take Care of You at a Party [ASMR],978356,36184,809,https://www.youtube.com/watch?v=Mx0Q0ZEzYQY
16,Gibi ASMR,2016-06-18,1528493,381687831,2018-11-04,Slow Cozy Tapping & Scratching | Whispered ASMR for Relaxation,1344877,21714,1101,https://www.youtube.com/watch?v=vZ5R1wr_xO8
17,Gibi ASMR,2016-06-18,1528493,381687831,2018-11-01,[ASMR] Big Sister Reads You to Sleep During a Thunderstorm 6,299950,7453,151,https://www.youtube.com/watch?v=cv3LH8x9yM0
18,Gibi ASMR,2016-06-18,1528493,381687831,2018-10-30,"ASMR Typing on 3 Different Keyboards [Black Widow, Ornata Chroma, Apple]",1930498,31838,1733,https://www.youtube.com/watch?v=_vDHvPd8zaY
19,Gibi ASMR,2016-06-18,1528493,381687831,2018-10-27,[ASMR] Ninja Trials in the Forest (Whispered),794365,22175,511,https://www.youtube.com/watch?v=g0IO0a9cNcY
20,Gibi ASMR,2016-06-18,1528493,381687831,2018-10-25,Mochi Ice Cream & Macarons | ASMR Chat & Eating,920756,21246,1193,https://www.youtube.com/watch?v=6nGeE-18kog
21,Gibi ASMR,2016-06-18,1528493,381687831,2018-10-23,[ASMR] Tracing & Tapping on My Art Collection,421212,10303,219,https://www.youtube.com/watch?v=VsKrXG-j2E0
22,Gibi ASMR,2016-06-18,1528493,381687831,2018-10-20,New Tingly Trigger Items for ASMR (Whispered),829112,15927,407,https://www.youtube.com/watch?v=3lVG6mnCuJw
23,Gibi ASMR,2016-06-18,1528493,381687831,2018-10-18,[ASMR] Cooking with Gibi - Mexican Beef Bowls,349006,8787,365,https://www.youtube.com/watch?v=FQkDEbgIXFo
24,Gibi ASMR,2016-06-18,1528493,381687831,2018-10-16,[ASMR] Whispered Wig Try-On ‚ô°,522946,14509,273,https://www.youtube.com/watch?v=zIYuEOdPNV8
25,Gibi ASMR,2016-06-18,1528493,381687831,2018-10-13,Top Triggers for Sleep and Relaxation ~ 3Dio Style,1152892,20195,613,https://www.youtube.com/watch?v=KyWbYFLT9ys
26,Gibi ASMR,2016-06-18,1528493,381687831,2018-10-11,Not-So-ASMR Bloopers (Part 5) [Adult Language ‚ö†Ô∏è],842535,32528,437,https://www.youtube.com/watch?v=_8HiTB_K0jo
27,Gibi ASMR,2016-06-18,1528493,381687831,2018-10-09,Devilish Triggers üòà Firey Soft Spoken Triggers for Sleep,1336318,30903,789,https://www.youtube.com/watch?v=F7ft3E_VR0o
28,Gibi ASMR,2016-06-18,1528493,381687831,2018-10-06,Angelic Triggers üïäÔ∏è Gentle Sounds & Whispers for Sleep,1359407,27857,612,https://www.youtube.com/watch?v=ot1CdVzQ7Jk
29,Gibi ASMR,2016-06-18,1528493,381687831,2018-10-04,ASMR Equipment Shop - Tingly Items for Sale,619460,12665,336,https://www.youtube.com/watch?v=AR_g0fMaWO8
30,Gibi ASMR,2016-06-18,1528493,381687831,2018-10-02,[ASMR] üé§ Each Ear Microphone Trigger Test ~ 3DIO & Rode NT1,1186778,19255,566,https://www.youtube.com/watch?v=A-E1Wfqhis4
31,Gibi ASMR,2016-06-18,1528493,381687831,2018-09-29,Sitting Around the Fire with Friends | Long Soundscape/Talking,254763,6635,351,https://www.youtube.com/watch?v=-pVTCbRd7JM
32,Gibi ASMR,2016-06-18,1528493,381687831,2018-09-27,[ASMR] Humming & 3DIO Triggers for Sleep ‚ô°,903285,20584,653,https://www.youtube.com/watch?v=qjwbPRbNbG8
33,Gibi ASMR,2016-06-18,1528493,381687831,2018-09-25,[ASMR] 17 Life Hacks (AND 1 FAILURE) (Soft Spoken),522236,12354,297,https://www.youtube.com/watch?v=ImiT6saRREk
34,Gibi ASMR,2016-06-18,1528493,381687831,2018-09-22,[ASMR] The Wild Thornberrys | Debbie's First Vlog,411088,12572,405,https://www.youtube.com/watch?v=lehGm9ldYOc
35,Gibi ASMR,2016-06-18,1528493,381687831,2018-09-20,The ASMR Sleep Clinic | Tingle Experiment,2774127,36584,2425,https://www.youtube.com/watch?v=5NxMTZk48vo
36,Gibi ASMR,2016-06-18,1528493,381687831,2018-09-18,[ASMR?] Team Rocket Stake-Out! | Pokemon,464428,15889,461,https://www.youtube.com/watch?v=AGJ-GqcuYpA
37,Gibi ASMR,2016-06-18,1528493,381687831,2018-09-16,[ASMR] Daisy's „Åã„Çè„ÅÑ„ÅÑ Maid Cafe! ~,641982,16043,445,https://www.youtube.com/watch?v=ig0obzIHpFQ
38,Gibi ASMR,2016-06-18,1528493,381687831,2018-09-15,"[ASMR] Intense Ear Attention & Mouth Sounds (Tktktk, Clicking, Shooooop)",4531985,54149,3073,https://www.youtube.com/watch?v=x8HXsZJhW_s
39,Gibi ASMR,2016-06-18,1528493,381687831,2018-09-11,[ASMR] 1 Hour Tapping for Sleep & Relaxation | No Talking,1808466,24656,1334,https://www.youtube.com/watch?v=Drn8uwKogKs
40,Gibi ASMR,2016-06-18,1528493,381687831,2018-09-11,First Day of College - Roommate ASMR,230760,5918,103,https://www.youtube.com/watch?v=nPqq2_06Q0k
41,Gibi ASMR,2016-06-18,1528493,381687831,2018-09-06,[ASMR] Welcome to the Magical Gringotts Bank! [English-Type Accent],845108,18796,377,https://www.youtube.com/watch?v=ziv7BpfkfGA
42,Gibi ASMR,2016-06-18,1528493,381687831,2018-09-04,[ASMR] Big Sister Reads You to Sleep 5 (Light Thunderstorm),255468,6650,144,https://www.youtube.com/watch?v=D2Hhzw7DEqY
43,Gibi ASMR,2016-06-18,1528493,381687831,2018-09-01,The ASMR Tag {25 Question CHALLENGE},416772,10042,225,https://www.youtube.com/watch?v=IMF_fn8LKGc
44,Gibi ASMR,2016-06-18,1528493,381687831,2018-08-30,[ASMR] Pampering You ‚ô° Self-Care Spa Triggers,1063857,18021,1660,https://www.youtube.com/watch?v=rn3qE2KqIbI
45,Gibi ASMR,2016-06-18,1528493,381687831,2018-08-28,[ASMR] Momo Welcomes You to Class! | My Hero Academia,476382,12496,311,https://www.youtube.com/watch?v=Y6ACbzU4Y88
46,Gibi ASMR,2016-06-18,1528493,381687831,2018-08-25,"[ASMR] Close-Up Ear-to-Ear Positive Affirmations | For Anxiety, Sleep ‚ô°",977509,21540,484,https://www.youtube.com/watch?v=pdE2Yws3MD4
47,Gibi ASMR,2016-06-18,1528493,381687831,2018-08-23,[ASMR] Gym Membership & Personal Trainer (Soft Spoken),904490,16247,430,https://www.youtube.com/watch?v=I9Yb1-dXnB8
48,Gibi ASMR,2016-06-18,1528493,381687831,2018-08-21,[ASMR] Just Whispering & Chatting ‚ù§Ô∏é,673990,13761,450,https://www.youtube.com/watch?v=avPejvqzg48
49,Gibi ASMR,2016-06-18,1528493,381687831,2018-08-19,[ASMR] Personalized Shoe Shopping Experience,461420,8956,240,https://www.youtube.com/watch?v=epWmF1o79Wo
50,Gibi ASMR,2016-06-18,1528493,381687831,2018-08-16,[ASMR] Whispering Poetry for Relaxation (With Music),241879,5763,128,https://www.youtube.com/watch?v=ZxnFPr43vdQ
51,Gibi ASMR,2016-06-18,1528493,381687831,2018-08-16,[ASMR] Whispering Poetry for Relaxation (No Music),210091,5388,141,https://www.youtube.com/watch?v=PDMt2GTsnsY
52,Gibi ASMR,2016-06-18,1528493,381687831,2018-08-14,Fortnite Duos in ASMR,849218,15862,1538,https://www.youtube.com/watch?v=soI5oBBXoNM
53,Gibi ASMR,2016-06-18,1528493,381687831,2018-08-11,[ASMR] Slow Tapping on New & Different Objects (Whispered),1163730,21774,715,https://www.youtube.com/watch?v=LSGqF6aLKs8
54,Gibi ASMR,2016-06-18,1528493,381687831,2018-08-09,[ASMR??] USA vs UK Snack Swap | Creative Calm Collab,482357,14548,311,https://www.youtube.com/watch?v=HwO2Kwj170I
55,Gibi ASMR,2016-06-18,1528493,381687831,2018-08-07,[ASMR] Mistletoe Fixes Your Elf Ears | Close Whispers & Ear Attention,822541,17403,401,https://www.youtube.com/watch?v=5yaucpS8Ze8
56,Gibi ASMR,2016-06-18,1528493,381687831,2018-08-04,[ASMR] Doing Your Cosplay Makeup,612866,12686,318,https://www.youtube.com/watch?v=QALYpeAIQic
57,Gibi ASMR,2016-06-18,1528493,381687831,2018-08-02,[ASMR] Welcome to Hufflepuff! | Choose Your Own Adventure,492738,14607,183,https://www.youtube.com/watch?v=LQ92J6TDm9o
58,Gibi ASMR,2016-06-18,1528493,381687831,2018-08-02,[ASMR] Welcome to Ravenclaw! | Choose Your Own Adventure,444064,12775,140,https://www.youtube.com/watch?v=IVmnEuT86UE
59,Gibi ASMR,2016-06-18,1528493,381687831,2018-08-02,[ASMR] Welcome to Gryffindor! | Choose Your Own Adventure,512141,13962,202,https://www.youtube.com/watch?v=dev_eR1ZdbU
60,Gibi ASMR,2016-06-18,1528493,381687831,2018-08-02,[ASMR] Welcome to Slytherin! | Choose Your Own Adventure,812836,21539,280,https://www.youtube.com/watch?v=Eq-bPjQRzv0
61,Gibi ASMR,2016-06-18,1528493,381687831,2018-08-02,[START HERE] Hogwarts Sorting Ceremony! | ASMR Choose Your Own Adventure ~ {QUIZ IN DESCRIPTION},583892,18644,224,https://www.youtube.com/watch?v=Xl5f0Pyv4Ak
62,Gibi ASMR,2016-06-18,1528493,381687831,2018-07-31,Drawing Features On Your Face - ASMR Darling Remake,1794823,30893,791,https://www.youtube.com/watch?v=3rPQqeoUKeY
63,Gibi ASMR,2016-06-18,1528493,381687831,2018-07-28,[ASMR] Make-up On You And Me ‚ô° Soft-Spoken,877353,15649,411,https://www.youtube.com/watch?v=w5UcVtdC6Y4
64,Gibi ASMR,2016-06-18,1528493,381687831,2018-07-26,[ASMR] Big Sister Reads You to Sleep 4 [Thunderstorm],327511,8059,229,https://www.youtube.com/watch?v=ySzv_xSKIBY
65,Gibi ASMR,2016-06-18,1528493,381687831,2018-07-24,[ASMR] Public Librarian Roleplay | Soft Spoken,733404,14089,1357,https://www.youtube.com/watch?v=REFG0IxmqWQ
66,Gibi ASMR,2016-06-18,1528493,381687831,2018-07-21,[ASMR] Crinkles & Close Ear Touching (Whispered),828707,16110,555,https://www.youtube.com/watch?v=oSBBbPiFhKo
67,Gibi ASMR,2016-06-18,1528493,381687831,2018-07-19,[ASMR] Dr. Gibi Walk-in Clinic Medical Appointment (Whispered),1968341,26305,833,https://www.youtube.com/watch?v=46mcWTe0cFk
68,Gibi ASMR,2016-06-18,1528493,381687831,2018-07-18,"[Update] Million Play Button, Spotify, + Patreon Retiring!",346492,15825,164,https://www.youtube.com/watch?v=p2CDw9whZT4
69,Gibi ASMR,2016-06-18,1528493,381687831,2018-07-17,[ASMR] Tingliest Props Assortment - Whispered Tapping and Scratching,1159115,20103,637,https://www.youtube.com/watch?v=tAU46RbiNMo
70,Gibi ASMR,2016-06-18,1528493,381687831,2018-07-14,"[ASMR] Starting Today, You Are a Host! (Soft Spoken Roleplay)",597720,17512,695,https://www.youtube.com/watch?v=iPE0n8mtD_Q
71,Gibi ASMR,2016-06-18,1528493,381687831,2018-07-12,"[ASMR] Dark & Relaxing Face Touching, Adjustments & Hand Movements",1274680,20907,444,https://www.youtube.com/watch?v=Gu6nHY0oGio
72,Gibi ASMR,2016-06-18,1528493,381687831,2018-07-10,[ASMR] Daisy Gives You a Tattoo (Soft Spoken Roleplay),3080116,41715,2060,https://www.youtube.com/watch?v=zc4EMkKGfxg
73,Gibi ASMR,2016-06-18,1528493,381687831,2018-07-07,[ASMR] All Up In Your Ears #2 (Deep Ear Attention),3554681,45239,2005,https://www.youtube.com/watch?v=TQLA8Slui2g
74,Gibi ASMR,2016-06-18,1528493,381687831,2018-07-05,[ASMR] Mermaid Items for Sale (Lorelei Shop Roleplay),564120,14244,253,https://www.youtube.com/watch?v=UYyoycdFR3Y
75,Gibi ASMR,2016-06-18,1528493,381687831,2018-07-03,"[ASMR] 2 Hour Live Session with Gibi (Whispers, Triggers)",759332,12141,383,https://www.youtube.com/watch?v=jad7ahaKibI
76,Gibi ASMR,2016-06-18,1528493,381687831,2018-06-30,[ASMR] Softly Singing Beatles Songs,363371,13456,275,https://www.youtube.com/watch?v=IL49v1D2iAM
77,Gibi ASMR,2016-06-18,1528493,381687831,2018-06-28,[ASMR] Rating/Reviewing Anime! (Whispered),363137,10098,314,https://www.youtube.com/watch?v=GhroDarW5A4
78,Gibi ASMR,2016-06-18,1528493,381687831,2018-06-26,[ASMR] Cooking with Gibi - Making Your Pasta Fancy,478806,11674,330,https://www.youtube.com/watch?v=S_re3_Mt8i8
79,Gibi ASMR,2016-06-18,1528493,381687831,2018-06-21,One Million | Gibi ASMR,556799,42800,343,https://www.youtube.com/watch?v=UDg4XIsFD-E
80,Gibi ASMR,2016-06-18,1528493,381687831,2018-06-19,[ASMR] Emo Gibi Getting You Ready for an MCR Concert Roleplay,1019477,27549,659,https://www.youtube.com/watch?v=29fwouqykSc
81,Gibi ASMR,2016-06-18,1528493,381687831,2018-06-17,"[ASMR] Full LEGO Build + Ramble (Sydney, Australia)",509132,9970,300,https://www.youtube.com/watch?v=jzzB7nXh_RI
82,Gibi ASMR,2016-06-18,1528493,381687831,2018-06-14,Daisy Tries ASMR,881847,27045,412,https://www.youtube.com/watch?v=bLvDsaDB9kI
83,Gibi ASMR,2016-06-18,1528493,381687831,2018-06-12,[ASMR] Dark & Relaxing Tapping and Scratching on Wooden Things,1016073,17708,707,https://www.youtube.com/watch?v=mXX_ylFCwuI
84,Gibi ASMR,2016-06-18,1528493,381687831,2018-06-09,[ASMR] Wine Merchant Roleplay (Soft Spoken),858950,15261,471,https://www.youtube.com/watch?v=DxGlBTPEx5E
85,Gibi ASMR,2016-06-18,1528493,381687831,2018-06-07,[ASMR] Following the Light (Relaxation) (Whispered),751639,14930,317,https://www.youtube.com/watch?v=tCVlC9ZidNc
86,Gibi ASMR,2016-06-18,1528493,381687831,2018-06-05,[ASMR] Can't Sleep? Bedtime Sleep Tricks ‚ô° (Whispered),1661106,27696,706,https://www.youtube.com/watch?v=N3gmz0pmZUE
87,Gibi ASMR,2016-06-18,1528493,381687831,2018-06-02,ASMR Storytime - I Lost Two Kittens...,397965,11573,248,https://www.youtube.com/watch?v=iRjy5rAVB7s
88,Gibi ASMR,2016-06-18,1528493,381687831,2018-05-31,[ASMR] Big Sister Reads You to Sleep 3,326544,7717,212,https://www.youtube.com/watch?v=NbBMiZMeZqk
89,Gibi ASMR,2016-06-18,1528493,381687831,2018-05-26,[ASMR] Attack on Titan - Prepping for Beyond the Wall,568601,13353,419,https://www.youtube.com/watch?v=vLgS9rvotx8
90,Gibi ASMR,2016-06-18,1528493,381687831,2018-05-24,27 Behind the Scenes Fun Facts & Trivia! (Gibi ASMR),420896,11557,202,https://www.youtube.com/watch?v=ktXFz_PkBCw
91,Gibi ASMR,2016-06-18,1528493,381687831,2018-05-22,[ASMR] Soft Singing for Relaxation & Sleep ‚ô°,684888,17820,684,https://www.youtube.com/watch?v=XpbK_4D8HRI
92,Gibi ASMR,2016-06-18,1528493,381687831,2018-05-19,"[ASMR] 9 Scented Slime Triggers! (Soft, Stretchy, Textured)",802615,13441,484,https://www.youtube.com/watch?v=k0XPlsoDRE4
93,Gibi ASMR,2016-06-18,1528493,381687831,2018-05-17,[ASMR] Deep Ear Attention (Close-Up Whispers),6331115,66160,3448,https://www.youtube.com/watch?v=CTH_cEmp6Kw
94,Gibi ASMR,2016-06-18,1528493,381687831,2018-05-15,[ASMR] Art Sculptor Maps/Measures/Photographs You!,2217012,21857,685,https://www.youtube.com/watch?v=UDlpZJ8EG8c
95,Gibi ASMR,2016-06-18,1528493,381687831,2018-05-12,"[ASMR] Mercy Roleplay - Welcome to Overwatch, New Hero!",1628978,26170,1108,https://www.youtube.com/watch?v=ytL5Qlx-YVw
96,Gibi ASMR,2016-06-18,1528493,381687831,2018-05-10,[ASMR] Up-Close Face Touching & Gentle Ear Whispers,2216653,29315,881,https://www.youtube.com/watch?v=vOr649PWX6w
97,Gibi ASMR,2016-06-18,1528493,381687831,2018-05-08,[ASMR] Hearing Test Nurse (Soft Spoken),2345825,26163,878,https://www.youtube.com/watch?v=xEyR5dCQs60
98,Gibi ASMR,2016-06-18,1528493,381687831,2018-05-05,[ASMR] Painting Your Face! (Soft Spoken),2987600,28468,1325,https://www.youtube.com/watch?v=OIRT-377n2E
99,Gibi ASMR,2016-06-18,1528493,381687831,2018-05-03,[ASMR] Scratching Different Objects ‚ô°,1213961,20187,2720,https://www.youtube.com/watch?v=s1APv5uO2VU
100,Gibi ASMR,2016-06-18,1528493,381687831,2018-05-01,[Gibi ASMR] Testing and Sorting Markers (Whispered),1266376,19168,597,https://www.youtube.com/watch?v=yZaA85xSfOE
101,Gibi ASMR,2016-06-18,1528493,381687831,2018-04-28,[ASMR] Hero School: Sports Festival Signup! ü•á,506615,10816,277,https://www.youtube.com/watch?v=1g3NEImA9mo
102,Gibi ASMR,2016-06-18,1528493,381687831,2018-04-26,[ASMR] Odd Auntie Takes You to Lunch,1087284,20112,427,https://www.youtube.com/watch?v=Ewm2mwT7-s8
103,Gibi ASMR,2016-06-18,1528493,381687831,2018-04-24,150 WPM TYPING TEST (ASMR?),615258,11770,461,https://www.youtube.com/watch?v=b5Vmaw4I55s
104,Gibi ASMR,2016-06-18,1528493,381687831,2018-04-21,[ASMR] Study Buddy Roleplay,430136,9418,198,https://www.youtube.com/watch?v=k27H4XQOJLE
105,Gibi ASMR,2016-06-18,1528493,381687831,2018-04-19,[ASMR] Top Requested Triggers ~,2631578,31650,1118,https://www.youtube.com/watch?v=iUo1JXnlRXY
106,Gibi ASMR,2016-06-18,1528493,381687831,2018-04-17,[ASMR] The Last of Us: After the Attack [Apocalypse Survival],449038,12414,204,https://www.youtube.com/watch?v=qxERT030GOc
107,Gibi ASMR,2016-06-18,1528493,381687831,2018-04-14,Being a Full-Time ASMR YouTuber,507044,12517,248,https://www.youtube.com/watch?v=PoyNdgeLVvI
108,Gibi ASMR,2016-06-18,1528493,381687831,2018-04-12,How I Make ASMR (Ramble/Talk),380755,9186,164,https://www.youtube.com/watch?v=_Y_rh3t_YC8
109,Gibi ASMR,2016-06-18,1528493,381687831,2018-04-10,[ASMR] Sister Reads You to Sleep 2 (Soft Rain/Thunder),484620,10625,198,https://www.youtube.com/watch?v=YGV3UBzdKRA
110,Gibi ASMR,2016-06-18,1528493,381687831,2018-04-07,[ASMR] 35 Video Game Facts (Ear to Ear Whisper),819786,14311,374,https://www.youtube.com/watch?v=SGUws_1ttj4
111,Gibi ASMR,2016-06-18,1528493,381687831,2018-04-05,All Up In Your Ears ASMR,2407868,32242,1009,https://www.youtube.com/watch?v=UW9CkFpdP10
112,Gibi ASMR,2016-06-18,1528493,381687831,2018-04-03,[ASMR] Daisy the Texas Steakhouse Waitress (Roleplay),881190,16541,465,https://www.youtube.com/watch?v=RW0jCNF7bK0
113,Gibi ASMR,2016-06-18,1528493,381687831,2018-04-01,[ASMR] Color Test: Gentle Hand Movements,824382,15277,454,https://www.youtube.com/watch?v=T732vvf9QfY
114,Gibi ASMR,2016-06-18,1528493,381687831,2018-03-29,[ASMR] Best Friend Does Your Nails! ‚ù§Ô∏é,1635951,15074,771,https://www.youtube.com/watch?v=inlqKSa_15A
115,Gibi ASMR,2016-06-18,1528493,381687831,2018-03-27,[ASMR] 5 POUND CHOCOLATE BAR,2351853,37150,2739,https://www.youtube.com/watch?v=iR3m-HWROu8
117,Gibi ASMR,2016-06-18,1528493,381687831,2018-03-24,[ASMR] Fixing You - Automail Mechanic Roleplay,1107046,19423,563,https://www.youtube.com/watch?v=F-1Z-p2CAqs
116,Gibi ASMR,2016-06-18,1528493,381687831,2018-03-22,"800,000 Celebration - Livestream Archive",202308,7421,121,https://www.youtube.com/watch?v=Ywlqa-2Qvxo
118,Gibi ASMR,2016-06-18,1528493,381687831,2018-03-22,[ASMR] Eye Exam Nurse Roleplay,1450894,19021,527,https://www.youtube.com/watch?v=JMoRSEekmPc
119,Gibi ASMR,2016-06-18,1528493,381687831,2018-03-20,[ASMR] Dark & Relaxing Tapping & Scratching [Close Whispers],7854409,62406,3082,https://www.youtube.com/watch?v=FidhD-izZnk
120,Gibi ASMR,2016-06-18,1528493,381687831,2018-03-17,Grocery Store Roleplay (Old School ASMR),861953,14347,450,https://www.youtube.com/watch?v=lYboWmzaszM
121,Gibi ASMR,2016-06-18,1528493,381687831,2018-03-15,[ASMR] Cooking With Gibi - Veggie Chili ~,308471,7222,223,https://www.youtube.com/watch?v=JhUdkF6QF7M
122,Gibi ASMR,2016-06-18,1528493,381687831,2018-03-13,[ASMR?] Accent Tag Challenge - American vs. English,1259040,25471,716,https://www.youtube.com/watch?v=XrvedhkDN5A
123,Gibi ASMR,2016-06-18,1528493,381687831,2018-03-10,[ASMR] Spray Bottles & Assorted Triggers,826456,15395,488,https://www.youtube.com/watch?v=sXoiYC_XcdU
124,Gibi ASMR,2016-06-18,1528493,381687831,2018-03-08,[ASMR] Lorelei Mermaid Rescuing You Roleplay,1571261,21014,645,https://www.youtube.com/watch?v=TGn4UTPSy6A
125,Gibi ASMR,2016-06-18,1528493,381687831,2018-03-06,[ASMR] Big Sister Reads You to Sleep During A Thunderstorm,787879,17004,367,https://www.youtube.com/watch?v=qsxKgKZEuOM
126,Gibi ASMR,2016-06-18,1528493,381687831,2018-03-03,[ASMR] 21 Trigger Quotes - Movies & TV Shows,460189,10081,274,https://www.youtube.com/watch?v=Ctr1-89y46s
127,Gibi ASMR,2016-06-18,1528493,381687831,2018-03-01,[ASMR] SLOW Tapping & Whispered Trigger Assortment,2364200,31556,2407,https://www.youtube.com/watch?v=zNL_kGO6lQ8
128,Gibi ASMR,2016-06-18,1528493,381687831,2018-02-27,Singing You to Sleep (Soft Covers),953692,23099,743,https://www.youtube.com/watch?v=ZoIV533jaU4
129,Gibi ASMR,2016-06-18,1528493,381687831,2018-02-24,[ASMR] Daisy Does an Unboxing Video,592619,14640,329,https://www.youtube.com/watch?v=izvWn9H_JPs
130,Gibi ASMR,2016-06-18,1528493,381687831,2018-02-22,[ASMR] Makeup 101 - For the Beginners,642500,11516,378,https://www.youtube.com/watch?v=O2bTJ-TzDsY
131,Gibi ASMR,2016-06-18,1528493,381687831,2018-02-20,[ASMR] Mercy Overwatch Cosplay Breakdown + Mini-Roleplay! (Soft Spoken),623116,13519,527,https://www.youtube.com/watch?v=LYU7mmntU7U
132,Gibi ASMR,2016-06-18,1528493,381687831,2018-02-17,[ASMR] Flu Doctor Checkup - Medical Roleplay (Soft Spoken),1541660,20681,711,https://www.youtube.com/watch?v=YRLlzsExRU4
133,Gibi ASMR,2016-06-18,1528493,381687831,2018-02-15,[ASMR] 5 Different Slime Triggers ~ Whispered,778015,12220,468,https://www.youtube.com/watch?v=RbAYpgLOgj4
134,Gibi ASMR,2016-06-18,1528493,381687831,2018-02-13,[ASMR] Cupid's Romantic Hotel Check-in Roleplay (Whispered),1141910,20577,553,https://www.youtube.com/watch?v=Etf6YTrjfbo
135,Gibi ASMR,2016-06-18,1528493,381687831,2018-02-10,[ASMR] Welcome to Hero School! (Soft Spoken),1308438,24174,585,https://www.youtube.com/watch?v=qAzt7-6SVTU
136,Gibi ASMR,2016-06-18,1528493,381687831,2018-02-08,EVEN MORE ASMR BLOOPERS,709334,27559,312,https://www.youtube.com/watch?v=Ze_qaAOgPls
137,Gibi ASMR,2016-06-18,1528493,381687831,2018-02-06,Treat Yourself ~ Beauty Product Trigger Assortment ‚ù§Ô∏é  [FabFitFun],498445,9780,288,https://www.youtube.com/watch?v=4M4Ias4LHIA
138,Gibi ASMR,2016-06-18,1528493,381687831,2018-02-03,What The H*ck is ASMR!?,1992524,45751,1490,https://www.youtube.com/watch?v=vFqbWwKg_o4
139,Gibi ASMR,2016-06-18,1528493,381687831,2018-02-01,[ASMR] What's in my Bag? (Soft Spoken),842429,12807,398,https://www.youtube.com/watch?v=lRi1ymfVuhA
140,Gibi ASMR,2016-06-18,1528493,381687831,2018-01-30,[ASMR] Big Sister Does Your Prom Makeup Roleplay,813539,17364,307,https://www.youtube.com/watch?v=QL4I4OCkuxM
141,Gibi ASMR,2016-06-18,1528493,381687831,2018-01-27,ASMR Sleep & Relaxation Treatment ‚ù§Ô∏é,7255076,68940,4287,https://www.youtube.com/watch?v=7FHHXTUsJx0
142,Gibi ASMR,2016-06-18,1528493,381687831,2018-01-25,[ASMR] Life Chat Ramble | Ear to Ear Whispering,872970,14664,381,https://www.youtube.com/watch?v=l5NK8zdIK-g
143,Gibi ASMR,2016-06-18,1528493,381687831,2018-01-23,[ASMR] Daisy Cuts and Dyes Your Hair (Soft Spoken Salon Roleplay),1600631,25213,671,https://www.youtube.com/watch?v=-KIz0tTo51E
144,Gibi ASMR,2016-06-18,1528493,381687831,2018-01-20,[ASMR] Azula's Initiation - Avatar the Last Airbender Roleplay (Soft Spoken),792138,13548,318,https://www.youtube.com/watch?v=13begVLzenU
145,Gibi ASMR,2016-06-18,1528493,381687831,2018-01-18,[ASMR] [Long] LEGO Build & Whisper Chat,1181949,15060,551,https://www.youtube.com/watch?v=7ZZJIKM_dIY
146,Gibi ASMR,2016-06-18,1528493,381687831,2018-01-16,[ASMR] Drawing on a Friend ‚ô° Soft-Spoken,929320,16027,337,https://www.youtube.com/watch?v=hsB-G_ufEa8
147,Gibi ASMR,2016-06-18,1528493,381687831,2018-01-13,The Top 10 Triggers for ASMR + Sleep,4533678,48350,2454,https://www.youtube.com/watch?v=BuACWFJ1oOY
148,Gibi ASMR,2016-06-18,1528493,381687831,2018-01-11,[ASMR] 5 Habits & Reshaping Your Life (Motivation),420253,9406,334,https://www.youtube.com/watch?v=mn2QOtI2NCQ
149,Gibi ASMR,2016-06-18,1528493,381687831,2018-01-09,[ASMR] Cooking With Gibi - Part 4! (Vegetarian),385054,9542,278,https://www.youtube.com/watch?v=kmQqgM5u6V8
150,Gibi ASMR,2016-06-18,1528493,381687831,2018-01-06,ASMR Overwatch Gameplay (Close-up Whispering),529021,10058,385,https://www.youtube.com/watch?v=Yx6Sv3Zb1lM
151,Gibi ASMR,2016-06-18,1528493,381687831,2018-01-04,[ASMR] Sketching and Coloring Your Portrait (Whispered Roleplay),2944938,33671,974,https://www.youtube.com/watch?v=1wcMcqkPwfo
152,Gibi ASMR,2016-06-18,1528493,381687831,2018-01-02,Gaming Store 3: Team Rocket Simulator [Animated ASMR],531995,18843,608,https://www.youtube.com/watch?v=UPXF-3_glgg
153,Gibi ASMR,2016-06-18,1528493,381687831,2017-12-30,[ASMR] Tapping with Fingertips (& Binaural Ear-to-Ear Whispers),1736681,24901,675,https://www.youtube.com/watch?v=SjeB-p_h1Fg
154,Gibi ASMR,2016-06-18,1528493,381687831,2017-12-29,Gibi ASMR Official Store! [Whispered Announcement],322838,12055,300,https://www.youtube.com/watch?v=EsN4hp_URmY
155,Gibi ASMR,2016-06-18,1528493,381687831,2017-12-26,[ASMR] Magical Wand Pairing Roleplay (Binaural Soft Spoken),1580967,24486,561,https://www.youtube.com/watch?v=7UAqDHh7EI8
156,Gibi ASMR,2016-06-18,1528493,381687831,2017-12-23,[ASMR] Secret Santa ‚ù§ Gifts from Whispers Red ASMR!,803662,16418,390,https://www.youtube.com/watch?v=E9jfRwN2Il0
157,Gibi ASMR,2016-06-18,1528493,381687831,2017-12-21,ASMR BLOOPERS 2,1149291,37037,321,https://www.youtube.com/watch?v=USSGIlry37Y
158,Gibi ASMR,2016-06-18,1528493,381687831,2017-12-19,[ASMR] Life is Strange | Chloe Roleplay,478799,15770,413,https://www.youtube.com/watch?v=HJKHU3jU2sc
159,Gibi ASMR,2016-06-18,1528493,381687831,2017-12-16,Softly Singing You to Sleep (Christmas Songs ft. Frivolous Fox!),568394,21764,459,https://www.youtube.com/watch?v=IqvzoEXox-g
160,Gibi ASMR,2016-06-18,1528493,381687831,2017-12-14,[ASMR] Cartomancy Reading Your Future [Feat. TingTing ASMR!],447557,9021,353,https://www.youtube.com/watch?v=zNLhbA4-2sg
161,Gibi ASMR,2016-06-18,1528493,381687831,2017-12-12,[ASMR] Treat Yo'Self Winter Style! (Soft Spoken),335830,8044,197,https://www.youtube.com/watch?v=NFfVfIk7NJg
162,Gibi ASMR,2016-06-18,1528493,381687831,2017-12-09,[ASMR] Female Bowser Cosplay Makeover (Walkthrough),487063,11887,294,https://www.youtube.com/watch?v=Jx60E3HDOi0
163,Gibi ASMR,2016-06-18,1528493,381687831,2017-12-07,[ASMR] Up-Close Elf Ear Measuring Roleplay (Whispered Binaural),2458235,25048,787,https://www.youtube.com/watch?v=kbx-qZnTr-0
164,Gibi ASMR,2016-06-18,1528493,381687831,2017-12-05,[ASMR] I Got Sent a Gibi Bobblehead! (Mail Time #3),233850,5424,134,https://www.youtube.com/watch?v=mJgv_gjFbdI
165,Gibi ASMR,2016-06-18,1528493,381687831,2017-12-02,[Binaural ASMR] Close Whispering - Just Talking :),2455824,29174,1197,https://www.youtube.com/watch?v=KohUW8gaNLQ
166,Gibi ASMR,2016-06-18,1528493,381687831,2017-11-30,[Gibi ASMR] Reading Your Comments!,718935,17882,248,https://www.youtube.com/watch?v=AM46JnPYYXg
167,Gibi ASMR,2016-06-18,1528493,381687831,2017-11-28,[ASMR] Zelda Roleplay - Legends & Potions,509451,11443,334,https://www.youtube.com/watch?v=L3DdChuw6uk
168,Gibi ASMR,2016-06-18,1528493,381687831,2017-11-25,[ASMR] 16 Personalities Quiz,316203,6436,152,https://www.youtube.com/watch?v=ukz7JtDO59Q
169,Gibi ASMR,2016-06-18,1528493,381687831,2017-11-23,[ASMR] Big Sister Gives You a Spa Treatment (Whispered),1007487,16301,409,https://www.youtube.com/watch?v=rxo_Kq2eJMk
170,Gibi ASMR,2016-06-18,1528493,381687831,2017-11-21,[ASMR] Food Critic Review! Never-Before-Tried-Foods,646202,11327,409,https://www.youtube.com/watch?v=ZCWttQKFlUU
171,Gibi ASMR,2016-06-18,1528493,381687831,2017-11-19,Live Now! Gibi ASMR - Hangout :),268206,6813,208,https://www.youtube.com/watch?v=o7zhOSeyaAg
172,Gibi ASMR,2016-06-18,1528493,381687831,2017-11-18,[ASMR] Make-up Brush Triggers,572120,9812,247,https://www.youtube.com/watch?v=m7qqq7ue4kA
173,Gibi ASMR,2016-06-18,1528493,381687831,2017-11-16,[ASMR] Cranial Nerve Examination by Daisy (Unprofessional),1501077,20425,427,https://www.youtube.com/watch?v=Lbboz1s8uEI
174,Gibi ASMR,2016-06-18,1528493,381687831,2017-11-14,4 Unusual ASMR Triggers,601588,9963,322,https://www.youtube.com/watch?v=PZEYnNY39EY
175,Gibi ASMR,2016-06-18,1528493,381687831,2017-11-11,[ASMR] Jumbo Squishies!,693342,13270,413,https://www.youtube.com/watch?v=g_xiYfH8sxA
176,Gibi ASMR,2016-06-18,1528493,381687831,2017-11-09,[ASMR] Face Touching & Hand Movements for Sleep,4813786,32617,1434,https://www.youtube.com/watch?v=5igB7uDN4Tc
177,Gibi ASMR,2016-06-18,1528493,381687831,2017-11-07,Singing You to Sleep [ASMR],1184095,36823,667,https://www.youtube.com/watch?v=w-uxzQMbjqs
178,Gibi ASMR,2016-06-18,1528493,381687831,2017-11-04,[ASMR] Cooking With Gibi - Fresh Cavatelli Pasta & Kale,572665,10840,264,https://www.youtube.com/watch?v=GrQFA6_5658
179,Gibi ASMR,2016-06-18,1528493,381687831,2017-11-02,[ASMR] My Shoes! Tapping/Scratching (Whispered),956883,13202,366,https://www.youtube.com/watch?v=L9w_zr1hCEU
180,Gibi ASMR,2016-06-18,1528493,381687831,2017-10-31,[ASMR] Binaural Tapping on Glass Objects (Whispered),598217,10886,248,https://www.youtube.com/watch?v=fBFEykWKAZQ
181,Gibi ASMR,2016-06-18,1528493,381687831,2017-10-28,[ASMR] Pokemon Center Healing | Nurse Joy Roleplay,647991,13251,319,https://www.youtube.com/watch?v=xJQGh_RPo1A
182,Gibi ASMR,2016-06-18,1528493,381687831,2017-10-26,[ASMR] Eat At Bob's Burgers! (Linda Roleplay),2569450,47638,1546,https://www.youtube.com/watch?v=jS51HkoP2PE
183,Gibi ASMR,2016-06-18,1528493,381687831,2017-10-24,[ASMR] Daisy's Halloween Store (Roleplay),2220412,29887,842,https://www.youtube.com/watch?v=QINdC5kHess
184,Gibi ASMR,2016-06-18,1528493,381687831,2017-10-21,[ASMR] Welcome Aboard the Spaceship! [Sci-Fi Firefly/Serenity Roleplay],411656,9532,215,https://www.youtube.com/watch?v=3NfuWqGtpkc
185,Gibi ASMR,2016-06-18,1528493,381687831,2017-10-20,[ASMR] Livestream Archive - Gibi's 500k Celebration~,212052,4480,119,https://www.youtube.com/watch?v=hQVL-iFCybM
186,Gibi ASMR,2016-06-18,1528493,381687831,2017-10-19,[ASMR] Artificial Intelligence Doctor Clinic (Soft Spoken Medical Roleplay),899032,15283,311,https://www.youtube.com/watch?v=-lKebOXSQh8
187,Gibi ASMR,2016-06-18,1528493,381687831,2017-10-17,[ASMR] Deck of Art Cards | Avatar Style,474142,7741,200,https://www.youtube.com/watch?v=-n0k2Ia8jMc
188,Gibi ASMR,2016-06-18,1528493,381687831,2017-10-14,ASMR BLOOPERS,3568841,66023,1143,https://www.youtube.com/watch?v=4qOtUXglNbQ
189,Gibi ASMR,2016-06-18,1528493,381687831,2017-10-12,[ASMR] Whisper Ramble About My Channel ~,272260,7439,124,https://www.youtube.com/watch?v=_mTXO7Kz0P0
190,Gibi ASMR,2016-06-18,1528493,381687831,2017-10-11,[ASMR] [With Music] Soft Relaxation/Meditation for Easy Sleep,486291,8765,179,https://www.youtube.com/watch?v=6lAQ1-GelkM
191,Gibi ASMR,2016-06-18,1528493,381687831,2017-10-10,[ASMR] Answering 36 Questions that Lead to Love (Part 3),250537,4993,112,https://www.youtube.com/watch?v=r2t3vSjGCcI
192,Gibi ASMR,2016-06-18,1528493,381687831,2017-10-07,[ASMR] Soft Relaxation/Meditation for Easy Sleep,561089,8551,276,https://www.youtube.com/watch?v=S_oeIqT16V0
193,Gibi ASMR,2016-06-18,1528493,381687831,2017-10-05,Tapping on Wooden Objects ASMR,892357,12399,382,https://www.youtube.com/watch?v=snu2c5u8p_8
194,Gibi ASMR,2016-06-18,1528493,381687831,2017-10-03,[ASMR] Zombie Apocalypse Roleplay (Soft Spoken),572820,11935,129,https://www.youtube.com/watch?v=bXIBgyMM91k
195,Gibi ASMR,2016-06-18,1528493,381687831,2017-09-30,"[ASMR] 6 Slime Triggers! (Crunchy, Clicky, Stretchy, Gooey)",1590625,19196,915,https://www.youtube.com/watch?v=srzny3_Tgk0
196,Gibi ASMR,2016-06-18,1528493,381687831,2017-09-28,[ASMR] Relaxing Facial and Skin Treatment Spa (Roleplay),1838587,20213,706,https://www.youtube.com/watch?v=PJnxO3BFo88
197,Gibi ASMR,2016-06-18,1528493,381687831,2017-09-26,Gibi Does ASMR Glow's Makeup...Blindfolded,573871,15881,316,https://www.youtube.com/watch?v=KDCBPfB-HFU
198,Gibi ASMR,2016-06-18,1528493,381687831,2017-09-24,18 Anti-Curse Words to Trigger ASMR (Bonus Shakespearean Insults!) [Binaural Whisper],347986,8566,166,https://www.youtube.com/watch?v=u81b7S2Wjno
199,Gibi ASMR,2016-06-18,1528493,381687831,2017-09-21,[ASMR] Lorelei Does Your Mermaid Makeup (Soft Spoken Roleplay),895078,12734,516,https://www.youtube.com/watch?v=PHmKuasJ9TI
200,Gibi ASMR,2016-06-18,1528493,381687831,2017-09-19,"[ASMR] Australian Care Package, Pokemon Clothes, Mail Time #2!",344203,6594,141,https://www.youtube.com/watch?v=_N5FsgYQxkY
201,Gibi ASMR,2016-06-18,1528493,381687831,2017-09-16,"[ASMR] Whispers in Different Languages | Spanish, Japanese, German, French",3611633,60638,1494,https://www.youtube.com/watch?v=Wrz70hfclpA
202,Gibi ASMR,2016-06-18,1528493,381687831,2017-09-14,[ASMR] Belle Roleplay - Beauty and the Beast (Soft Spoken),247786,5834,153,https://www.youtube.com/watch?v=uhTgDZpq-gI
203,Gibi ASMR,2016-06-18,1528493,381687831,2017-09-12,[ASMR] Tattoo Consultation & Trial (Soft Spoken),2529962,28046,749,https://www.youtube.com/watch?v=-SbxVpNwYvU
204,Gibi ASMR,2016-06-18,1528493,381687831,2017-09-09,[ASMR] Treat Yo'self! Soft Spoken Trigger Assortment [FabFitFun Unboxing ~],638007,11086,325,https://www.youtube.com/watch?v=2wb81aMPNS4
205,Gibi ASMR,2016-06-18,1528493,381687831,2017-09-07,[ASMR] Gem Dig Kit - Excavation for Relaxation (Whispered),804246,12664,406,https://www.youtube.com/watch?v=2I97ovTzE9A
206,Gibi ASMR,2016-06-18,1528493,381687831,2017-09-05,Creating Daisy The Sim (Sims 4 Gameplay) [ASMR],437905,10649,251,https://www.youtube.com/watch?v=by1vMNUx0Lk
207,Gibi ASMR,2016-06-18,1528493,381687831,2017-09-02,"[ASMR] Mechanical Keyboard Typing and Binaural Close Whispers (Cherry MX Brown, CODE Keyboard)",839462,11980,524,https://www.youtube.com/watch?v=x8On2wSH2FQ
208,Gibi ASMR,2016-06-18,1528493,381687831,2017-08-31,[ASMR] Otakon 2017 Anime Convention Haul (Nerdy Stuff Pt.2),249381,5126,136,https://www.youtube.com/watch?v=ZOZG8ZniUlM
209,Gibi ASMR,2016-06-18,1528493,381687831,2017-08-30,[ASMR] Whispering 750+ Names (with list and timestamps!) (Binaural Ear-to-Ear),829678,12212,452,https://www.youtube.com/watch?v=J_3rb81Url4
210,Gibi ASMR,2016-06-18,1528493,381687831,2017-08-26,[ASMR] Slime Triggers! (Squishing poking crunching stretching),1657073,20457,1183,https://www.youtube.com/watch?v=I8dLlGvroac
211,Gibi ASMR,2016-06-18,1528493,381687831,2017-08-24,"[ASMR] Legend of Korra Coloring Book (Colored Pencils, Close up Whispers, Page Turning)",243593,5103,149,https://www.youtube.com/watch?v=shM_lF47Wo0
212,Gibi ASMR,2016-06-18,1528493,381687831,2017-08-22,[ASMR] Professional Matchmaking Service Roleplay (Daisy),1874332,25309,686,https://www.youtube.com/watch?v=OROfIsgwvEI
213,Gibi ASMR,2016-06-18,1528493,381687831,2017-08-19,[ASMR] Classroom Teacher Roleplay (Welcome to Middle School!),1905136,25753,719,https://www.youtube.com/watch?v=acUwaifsx6k
214,Gibi ASMR,2016-06-18,1528493,381687831,2017-08-17,[ASMR] Binaural Whispered Ear-to-Ear Random Science Facts,1758842,21016,768,https://www.youtube.com/watch?v=ZM99CCfxbLo
215,Gibi ASMR,2016-06-18,1528493,381687831,2017-08-15,"[ASMR] Hermione's Potion Roleplay (Special FX, Ambiance) (You Are Harry Potter!)",761482,16924,411,https://www.youtube.com/watch?v=zBqRx3TWd5E
216,Gibi ASMR,2016-06-18,1528493,381687831,2017-08-12,[ASMR] Soft Face Touching | Ear Scratching for Sleep,1551719,19274,631,https://www.youtube.com/watch?v=yFJ82hycfRI
217,Gibi ASMR,2016-06-18,1528493,381687831,2017-08-10,[ASMR] Pure Tapping & Triggers (No Speaking),1655536,23403,786,https://www.youtube.com/watch?v=zFCZLIDs-v4
218,Gibi ASMR,2016-06-18,1528493,381687831,2017-08-08,[ASMR] International First Class Flight Attendant (Soft Spoken),4175647,43149,1336,https://www.youtube.com/watch?v=dk5POe042DA
219,Gibi ASMR,2016-06-18,1528493,381687831,2017-08-05,[ASMR] Close Up Binaural Whispered Counting and Random Numbers,549140,8573,227,https://www.youtube.com/watch?v=cWbvVClf5dQ
220,Gibi ASMR,2016-06-18,1528493,381687831,2017-08-03,[ASMR] Virtual Shopper Roleplay (Soft Spoken),495587,8424,256,https://www.youtube.com/watch?v=f1VFU4ZEROA
221,Gibi ASMR,2016-06-18,1528493,381687831,2017-08-01,"[ASMR] The Mermaid's Ocean Shop Roleplay (Sequel) (Soft Spoken, Ocean Sounds)",1831526,23671,679,https://www.youtube.com/watch?v=5H1u4Ki08Tw
222,Gibi ASMR,2016-06-18,1528493,381687831,2017-07-29,[ASMR] Take Buzzfeed Quizzes With Me ‚ô• [Whispered Ear to Ear],784774,13811,679,https://www.youtube.com/watch?v=Ss5AH5Obr2s
223,Gibi ASMR,2016-06-18,1528493,381687831,2017-07-27,[ASMR] Cooking With Gibi! Again!  (Blue Apron),452952,9714,208,https://www.youtube.com/watch?v=U3hX486qtIY
224,Gibi ASMR,2016-06-18,1528493,381687831,2017-07-25,Whispering Your Name - Custom Name Trigger ASMR (July Edition),384250,6327,189,https://www.youtube.com/watch?v=gRv1S7WOr5w
225,Gibi ASMR,2016-06-18,1528493,381687831,2017-07-22,[ASMR] Sleep Clinic Roleplay - Trigger Test (Whispered),7932663,61074,3840,https://www.youtube.com/watch?v=19nvOC1Cu_c
226,Gibi ASMR,2016-06-18,1528493,381687831,2017-07-20,[ASMR] Cozy Coffee Shop During a Thunderstorm (Roleplay),578076,10790,288,https://www.youtube.com/watch?v=GVUsbCn0OO0
227,Gibi ASMR,2016-06-18,1528493,381687831,2017-07-18,[ASMR] Daisy at Comic-Con (Shopping Roleplay) (Soft Spoken),1034685,15264,450,https://www.youtube.com/watch?v=I8X2OiqycZU
228,Gibi ASMR,2016-06-18,1528493,381687831,2017-07-15,"[ASMR] Tapping on Books, Page Turning (Whispered Ramble)",556566,9250,232,https://www.youtube.com/watch?v=-e_Bb9NgJdA
229,Gibi ASMR,2016-06-18,1528493,381687831,2017-07-13,[ASMR] Daenerys' Interview - Game of Thrones Roleplay (Part 2),374389,6210,243,https://www.youtube.com/watch?v=iCI6hsBGFlE
230,Gibi ASMR,2016-06-18,1528493,381687831,2017-07-11,"[ASMR] Mail Time #1 - Soap, Puzzles, Gear, Pokemon!",289349,6214,116,https://www.youtube.com/watch?v=7kGMiGtt9mc
231,Gibi ASMR,2016-06-18,1528493,381687831,2017-07-08,[ASMR] Positive Affirmations & Thoughts (Close Up Whispering),721213,12861,319,https://www.youtube.com/watch?v=rNam7W4Df64
232,Gibi ASMR,2016-06-18,1528493,381687831,2017-07-06,[ASMR] Painting Your Face! (Relaxing Roleplay) (Soft Spoken),1734134,20086,632,https://www.youtube.com/watch?v=FBNZO_4C80M
233,Gibi ASMR,2016-06-18,1528493,381687831,2017-07-04,"[ASMR] My Make-up Collection (Soft Spoken, Tapping)",992270,13133,378,https://www.youtube.com/watch?v=nrBzPyoltfM
234,Gibi ASMR,2016-06-18,1528493,381687831,2017-07-01,Gibi ASMR Bloopers! (Not ASMR),1870803,45279,557,https://www.youtube.com/watch?v=g3z4Ekq7ods
235,Gibi ASMR,2016-06-18,1528493,381687831,2017-06-29,Whispering Your Name - Name Trigger ASMR (June Edition),393752,6659,207,https://www.youtube.com/watch?v=9XNk7qU5XCw
236,Gibi ASMR,2016-06-18,1528493,381687831,2017-06-27,"[ASMR] Scratching, Tracing, Tapping Trigger Assortment (Soft Spoken Ramble)",1055132,13700,371,https://www.youtube.com/watch?v=AxmYZ67h_88
237,Gibi ASMR,2016-06-18,1528493,381687831,2017-06-24,[ASMR] Doing Your Eyebrows - Personal Attention (Whispered),1535721,17787,535,https://www.youtube.com/watch?v=LtndcrtTKRY
238,Gibi ASMR,2016-06-18,1528493,381687831,2017-06-22,[ASMR] New Kid in School - Algebra Study Buddy (Freaks and Geeks Roleplay),323855,6678,121,https://www.youtube.com/watch?v=gCY4dIoNrTk
239,Gibi ASMR,2016-06-18,1528493,381687831,2017-06-20,[ASMR] Binaural Ear Massage - Intense Foam Cover Scratching,748699,10645,306,https://www.youtube.com/watch?v=IQASf9f7B7s
240,Gibi ASMR,2016-06-18,1528493,381687831,2017-06-16,[ASMR] Sheet Music Tapping & Whisper Ramble,313468,5732,129,https://www.youtube.com/watch?v=MvRgdYGZS6g
241,Gibi ASMR,2016-06-18,1528493,381687831,2017-06-13,[ASMR] Arwen Rescues Frodo (Lord of the Rings Roleplay),345520,7102,251,https://www.youtube.com/watch?v=0RYs94SpigM
242,Gibi ASMR,2016-06-18,1528493,381687831,2017-06-10,"[ASMR] Wet to Dry - Relaxing Hair Brushing, Blowdrying, Straightening",2410558,24299,1091,https://www.youtube.com/watch?v=75bzbQrtROQ
243,Gibi ASMR,2016-06-18,1528493,381687831,2017-06-08,"[ASMR] Dunder Mifflin, This is Pam! (The Office Roleplay)",778209,15487,494,https://www.youtube.com/watch?v=3HGKju4kUNc
244,Gibi ASMR,2016-06-18,1528493,381687831,2017-06-06,"[ASMR] The Mermaid's Treasure Shop Roleplay (Soft Spoken, Ocean Sounds)",1054049,14318,591,https://www.youtube.com/watch?v=zCACkVetJjQ
245,Gibi ASMR,2016-06-18,1528493,381687831,2017-06-03,"[ASMR] Keyboard Sounds, Typing & Whispering",938597,13415,554,https://www.youtube.com/watch?v=ApVB_aWzOXk
246,Gibi ASMR,2016-06-18,1528493,381687831,2017-05-31,Whispering Your Name - K-Z Name Trigger ASMR (May Edition),209769,3478,102,https://www.youtube.com/watch?v=Sg2LmnulUwo
247,Gibi ASMR,2016-06-18,1528493,381687831,2017-05-30,Whispering Your Name - A-J Name Trigger ASMR (May Edition),312203,5326,147,https://www.youtube.com/watch?v=8bR_UQOWM8k
248,Gibi ASMR,2016-06-18,1528493,381687831,2017-05-27,[ASMR] Pure Finger Fluttering - One Hour (Looped for Relaxation),1040316,13019,436,https://www.youtube.com/watch?v=ZYcXo-Njeks
249,Gibi ASMR,2016-06-18,1528493,381687831,2017-05-25,[ASMR] Buying a Satomobile - Asami Roleplay [Legend of Korra],515488,8922,193,https://www.youtube.com/watch?v=jb-U-viYN58
250,Gibi ASMR,2016-06-18,1528493,381687831,2017-05-24,[ASMR] Spa Facial Roleplay (No Music) (Soft Spoken),2753153,23717,869,https://www.youtube.com/watch?v=bDdHngUo8ns
251,Gibi ASMR,2016-06-18,1528493,381687831,2017-05-24,[ASMR] Spa Facial Roleplay (With Music) (Soft Spoken),2088240,22276,678,https://www.youtube.com/watch?v=RVimybyECkY
252,Gibi ASMR,2016-06-18,1528493,381687831,2017-05-18,Starting Your Own ASMR Channel (Soft Spoken),568217,10384,349,https://www.youtube.com/watch?v=EeAxDimRJTc
253,Gibi ASMR,2016-06-18,1528493,381687831,2017-05-16,25 (Anime) Words to Trigger Your ASMR (Whispered Ear-to-Ear),502331,9258,576,https://www.youtube.com/watch?v=zG6BtDL78U0
254,Gibi ASMR,2016-06-18,1528493,381687831,2017-05-13,[ASMR] Follow the Light - Go To Sleep (Whispered),901922,10877,327,https://www.youtube.com/watch?v=mj8WELCiOl8
255,Gibi ASMR,2016-06-18,1528493,381687831,2017-05-11,[ASMR] 300 Roleplay - Queen Gorgo Prepares You For Battle,406875,7793,262,https://www.youtube.com/watch?v=5vsMS6WKvXc
256,Gibi ASMR,2016-06-18,1528493,381687831,2017-05-09,[ASMR] Interstellar: Welcome Home (Sci-Fi Roleplay),835691,13656,402,https://www.youtube.com/watch?v=tHGZ_GuTVoo
257,Gibi ASMR,2016-06-18,1528493,381687831,2017-05-06,"[ASMR] Sticky Sounds | Daisy, Korra, Raven Gibi Stickers ‚ô• (Whispered)",480068,8384,246,https://www.youtube.com/watch?v=d2ELYbR1IA4
258,Gibi ASMR,2016-06-18,1528493,381687831,2017-05-04,[ASMR] Big Sister Does Your Makeup Roleplay (Whispered),2860130,29870,976,https://www.youtube.com/watch?v=-6yb8IL_a4o
259,Gibi ASMR,2016-06-18,1528493,381687831,2017-05-02,[ASMR] Personal Shopper Roleplay 2 | Healthy Products & Candles (Soft Spoken),557871,7560,228,https://www.youtube.com/watch?v=kAGBPJBJw1c
260,Gibi ASMR,2016-06-18,1528493,381687831,2017-04-29,[ASMR] Tapping & Whispering - Nostalgic TV Shows,465091,6710,195,https://www.youtube.com/watch?v=WFDorNAJ5vE
261,Gibi ASMR,2016-06-18,1528493,381687831,2017-04-27,[ASMR] Movie Club Ear-to-Ear Whisper | MAGNOLIA (Content Warning),198911,3442,106,https://www.youtube.com/watch?v=pQWQsDvnIaI
262,Gibi ASMR,2016-06-18,1528493,381687831,2017-04-25,"[ASMR] Getting You Ready for the Anime Convention Roleplay! (Makeup, Wig, Costume, etc!)",567295,9041,274,https://www.youtube.com/watch?v=6rrxMLH6l6I
263,Gibi ASMR,2016-06-18,1528493,381687831,2017-04-23,[ASMR] Whispering Your Name - K-Z Name Trigger ASMR (April Edition),273554,4050,169,https://www.youtube.com/watch?v=6PF9ZP0vd5g
264,Gibi ASMR,2016-06-18,1528493,381687831,2017-04-22,[ASMR] Whispering Your Name - A-J Name Trigger ASMR (April Edition),402329,6637,233,https://www.youtube.com/watch?v=l2XXNlRe40E
265,Gibi ASMR,2016-06-18,1528493,381687831,2017-04-20,[ASMR] A Small Collection of Nerdy Things - Part 1 (Let's Be Honest I'll Do a Sequel),404921,8060,160,https://www.youtube.com/watch?v=7Lnj6v4Dg3o
266,Gibi ASMR,2016-06-18,1528493,381687831,2017-04-19,[ASMR] Dark & Relaxing Hand Movements/Face Touching for Sleep,2927751,27720,1019,https://www.youtube.com/watch?v=mHzt_Bl8EBY
267,Gibi ASMR,2016-06-18,1528493,381687831,2017-04-15,[ASMR] Daisy & Dr. Gibi Treat Your Anxiety - Airport Roleplay (Twin/Clone),1687000,26930,477,https://www.youtube.com/watch?v=KhWM2EhmdEo
268,Gibi ASMR,2016-06-18,1528493,381687831,2017-04-13,[ASMR] Cooking with Gibi - Whisper Voiceover & Cooking Noises (Blue Apron!),691410,10899,385,https://www.youtube.com/watch?v=-EartMI0bQY
269,Gibi ASMR,2016-06-18,1528493,381687831,2017-04-11,[ASMR] Face Examination Roleplay - With Gloves,2519356,19828,694,https://www.youtube.com/watch?v=tyAP__jBeg0
270,Gibi ASMR,2016-06-18,1528493,381687831,2017-04-08,[ASMR] Scalp Massage & Hair Brush + Treatment Roleplay,942730,10160,388,https://www.youtube.com/watch?v=UvXRKnyAPV4
271,Gibi ASMR,2016-06-18,1528493,381687831,2017-04-06,[ASMR] Testing 3 Brushes On You For Sleep ~ Whisper,722241,8492,329,https://www.youtube.com/watch?v=Fm4I90zQ6HI
272,Gibi ASMR,2016-06-18,1528493,381687831,2017-04-04,[ASMR] Ear-To-Ear Corny Jokes Whisper (Safe for Kids!),806220,15897,360,https://www.youtube.com/watch?v=y27joHg9PaA
273,Gibi ASMR,2016-06-18,1528493,381687831,2017-04-02,[ASMR] Team Rocket Captures You - Pokemon Trainer Roleplay,1779308,24830,722,https://www.youtube.com/watch?v=iMQYr7M1h8k
274,Gibi ASMR,2016-06-18,1528493,381687831,2017-04-01,[ASMR Comedy] Team Rocket April Fools - James Soft Speaking,405737,7385,1074,https://www.youtube.com/watch?v=u-3fbRtWrNM
275,Gibi ASMR,2016-06-18,1528493,381687831,2017-03-31,[ASMR] Mic Scratching | Whisper Ramble,513288,6938,191,https://www.youtube.com/watch?v=tJevSV3tGzM
276,Gibi ASMR,2016-06-18,1528493,381687831,2017-03-28,[ASMR] Gaming Store Roleplay 2,2038602,24713,912,https://www.youtube.com/watch?v=Qdw-EMh5YSI
277,Gibi ASMR,2016-06-18,1528493,381687831,2017-03-26,Saying Your Name - Name Trigger ASMR (March Edition),318985,4907,204,https://www.youtube.com/watch?v=cTUX5gT7mEI
278,Gibi ASMR,2016-06-18,1528493,381687831,2017-03-23,[ASMR] Movie Club Ramble | MOONLIGHT (Spoilers!),155645,2503,179,https://www.youtube.com/watch?v=lCHEEH_4XfE
279,Gibi ASMR,2016-06-18,1528493,381687831,2017-03-21,"[ASMR] Water, Bottle, Spraying, Tapping Sounds! (With Whispers)",1217371,16085,794,https://www.youtube.com/watch?v=8khctdmMBCo
280,Gibi ASMR,2016-06-18,1528493,381687831,2017-03-18,"[ASMR] Raven Cuts, Brushes, & Styles Your Hair (Teen Titans Roleplay)",1393181,19219,514,https://www.youtube.com/watch?v=WuK7YORVKKA
281,Gibi ASMR,2016-06-18,1528493,381687831,2017-03-16,[ASMR] Hand & Arm Massage (Happy Ramble),434125,6330,174,https://www.youtube.com/watch?v=yNKwG_0tv9A
282,Gibi ASMR,2016-06-18,1528493,381687831,2017-03-14,[ASMR] What Music Do I Listen To? (Whispered),333227,6316,243,https://www.youtube.com/watch?v=TN19UxnSu7g
283,Gibi ASMR,2016-06-18,1528493,381687831,2017-03-11,[ASMR] Legend of Korra - You're a Firebender!,583945,8490,277,https://www.youtube.com/watch?v=vSMzYdSzG3Y
284,Gibi ASMR,2016-06-18,1528493,381687831,2017-03-09,36 Questions That Lead to Love - ASMR (Part 2),257693,4305,123,https://www.youtube.com/watch?v=vvo-7XMWFSU
285,Gibi ASMR,2016-06-18,1528493,381687831,2017-03-07,[ASMR] Rubber & Latex Gloves,355647,4931,215,https://www.youtube.com/watch?v=XOJFnmWoivo
286,Gibi ASMR,2016-06-18,1528493,381687831,2017-03-04,[ASMR] Luxury Hotel Roleplay - Daisy Checks You In,1738674,20293,746,https://www.youtube.com/watch?v=iKRDCAbLuXM
287,Gibi ASMR,2016-06-18,1528493,381687831,2017-03-02,Gibi ASMR Q&A Video ((200k Thank You!!!)),436447,8930,251,https://www.youtube.com/watch?v=sN26fpXW4YA
288,Gibi ASMR,2016-06-18,1528493,381687831,2017-02-28,[ASMR] Magic Eraser *New Trigger*,1652321,20849,940,https://www.youtube.com/watch?v=OeI9YSejIKc
289,Gibi ASMR,2016-06-18,1528493,381687831,2017-02-25,[ASMR] Personal Shopper Roleplay | Thrive Market (Healthy Products + Gift!),1116170,11215,543,https://www.youtube.com/watch?v=2uiuPMbhllw
290,Gibi ASMR,2016-06-18,1528493,381687831,2017-02-23,My ASMR Story - Whispered Ramble,846467,10702,375,https://www.youtube.com/watch?v=sePqh_qUOgk
291,Gibi ASMR,2016-06-18,1528493,381687831,2017-02-21,"[ASMR] Goodnight Triggers (Mic/Camera Brushing, Hand Movements, Massage)",4338376,38038,1918,https://www.youtube.com/watch?v=Z_32Bj_e3Vg
292,Gibi ASMR,2016-06-18,1528493,381687831,2017-02-18,[ASMR] Movie Club Ramble | LA LA LAND (Spoilers!),194470,3227,152,https://www.youtube.com/watch?v=sDWrM4iRdE4
293,Gibi ASMR,2016-06-18,1528493,381687831,2017-02-16,Saying Your Name - Name Trigger ASMR (February Edition),320440,4686,174,https://www.youtube.com/watch?v=CdDb3J_cPqc
294,Gibi ASMR,2016-06-18,1528493,381687831,2017-02-14,[ASMR] The Dentist Roleplay (Relaxing Cleaning),1399881,15823,457,https://www.youtube.com/watch?v=-T_f1H-hTwg
295,Gibi ASMR,2016-06-18,1528493,381687831,2017-02-11,[ASMR] What I Got in Japan! (Ramble/Tapping/Crinkling),349172,6003,167,https://www.youtube.com/watch?v=OIc7Q5YTxgg
296,Gibi ASMR,2016-06-18,1528493,381687831,2017-02-09,[ASMR] Ear-To-Ear Random Facts (Whispered),1682753,19745,664,https://www.youtube.com/watch?v=j3eubcIo2uo
297,Gibi ASMR,2016-06-18,1528493,381687831,2017-02-07,[ASMR] Azula Roleplay - Avatar the Last Airbender,885384,16412,336,https://www.youtube.com/watch?v=F5MApawymmk
298,Gibi ASMR,2016-06-18,1528493,381687831,2017-02-04,[ASMR] Hospital Roleplay - Full Checkup,3760378,27077,1314,https://www.youtube.com/watch?v=t3-jZU3kxLE
299,Gibi ASMR,2016-06-18,1528493,381687831,2017-02-02,[ASMR] Soft Whispering & Gentle Tapping Session,1560761,16858,732,https://www.youtube.com/watch?v=plqZ3FCiIPw
300,Gibi ASMR,2016-06-18,1528493,381687831,2017-01-31,[ASMR] Legend of Korra Roleplay - Healing You,1373667,17303,660,https://www.youtube.com/watch?v=W6fsSGnyCHw
301,Gibi ASMR,2016-06-18,1528493,381687831,2017-01-28,Saying Your Name - Name Trigger ASMR (January Edition),383312,4753,233,https://www.youtube.com/watch?v=R9HMHpSUcws
302,Gibi ASMR,2016-06-18,1528493,381687831,2017-01-26,"[ASMR] Scratching Hour (Soft Spoken, Gentle)",2958110,21399,1096,https://www.youtube.com/watch?v=nK8F0TGIrgM
303,Gibi ASMR,2016-06-18,1528493,381687831,2017-01-24,[ASMR] Teacher Roleplay (Multilingual Whisper),1908016,21933,758,https://www.youtube.com/watch?v=xiAQaZfqKMc
304,Gibi ASMR,2016-06-18,1528493,381687831,2017-01-21,[ASMR] Finger Flutter & Tapping Compilation,2415965,22320,785,https://www.youtube.com/watch?v=crfuRhVRuKc
305,Gibi ASMR,2016-06-18,1528493,381687831,2017-01-19,[ASMR] Scratching & Article Reading (Soft-Spoken),289077,3661,117,https://www.youtube.com/watch?v=ivzapCPf4Qk
306,Gibi ASMR,2016-06-18,1528493,381687831,2017-01-18,[ASMR] First Class Passenger - Flight Attendant Roleplay,2466687,23454,834,https://www.youtube.com/watch?v=wwqnRZ7GMTQ
307,Gibi ASMR,2016-06-18,1528493,381687831,2017-01-17,21 Words to Trigger ASMR,2857835,29284,1879,https://www.youtube.com/watch?v=o3cpQi9-RlA
308,Gibi ASMR,2016-06-18,1528493,381687831,2017-01-04,[ASMR] Tapping Extreme Close-Up and Whispering,492650,6487,184,https://www.youtube.com/watch?v=v66Ry4D3HIs
309,Gibi ASMR,2016-06-18,1528493,381687831,2017-01-01,[ASMR] Tweezer Sounds Personal Attention - Touching & Tweezing Your Face!,870207,9935,255,https://www.youtube.com/watch?v=swxbmcR2zKo
310,Gibi ASMR,2016-06-18,1528493,381687831,2016-12-30,Saying Your Name - Name Trigger ASMR (December Edition),899210,10642,482,https://www.youtube.com/watch?v=RL_xigZxhJM
311,Gibi ASMR,2016-06-18,1528493,381687831,2016-12-24,Christmas ASMR // Trigger Compilation,260993,5244,80,https://www.youtube.com/watch?v=DGcFqS3lBvk
312,Gibi ASMR,2016-06-18,1528493,381687831,2016-12-14,[ASMR] Relaxing 3D Puzzle Build - Gibi,145748,2580,49,https://www.youtube.com/watch?v=1a_TK9RNosE
313,Gibi ASMR,2016-06-18,1528493,381687831,2016-12-11,[ASMR] Shave & Hair Trim Roleplay,975783,9241,256,https://www.youtube.com/watch?v=phKr4h5ceus
314,Gibi ASMR,2016-06-18,1528493,381687831,2016-12-10,[ASMR] Gaming Store Roleplay,4704566,43923,3672,https://www.youtube.com/watch?v=iM9qKNbNbXI
315,Gibi ASMR,2016-06-18,1528493,381687831,2016-12-08,ASMR - Hermione Finds You in Hogwarts,1013437,17761,294,https://www.youtube.com/watch?v=ToiOVn_G4A8
316,Gibi ASMR,2016-06-18,1528493,381687831,2016-12-05,Personal Sleep Triggers/Face Touching & Brushing - ASMR,1843671,13684,553,https://www.youtube.com/watch?v=cF8iqG2WRJw
317,Gibi ASMR,2016-06-18,1528493,381687831,2016-11-30,Teen Titans - Raven Interrogation ASMR,1101453,13880,589,https://www.youtube.com/watch?v=QTGR9xo_QZ8
318,Gibi ASMR,2016-06-18,1528493,381687831,2016-11-29,Saying Your Name - Name Trigger ASMR (November Edition),411717,4349,262,https://www.youtube.com/watch?v=I8ELdJIVPXI
319,Gibi ASMR,2016-06-18,1528493,381687831,2016-11-19,Origami and Soft Speaking for Sleep (ASMR),600425,6436,229,https://www.youtube.com/watch?v=OrB635D-Zb8
320,Gibi ASMR,2016-06-18,1528493,381687831,2016-11-10,What's On My Phone? (Gibi ASMR) (Soft Speaking),467109,6723,240,https://www.youtube.com/watch?v=3mbqNqCxr_Y
321,Gibi ASMR,2016-06-18,1528493,381687831,2016-11-08,Room Tour - Gibi ASMR (Whispered),485015,7455,182,https://www.youtube.com/watch?v=l6QfwQBtjE0
322,Gibi ASMR,2016-06-18,1528493,381687831,2016-11-03,Harry Potter Roleplay - ASMR,238609,3999,113,https://www.youtube.com/watch?v=wn8ujQ_xH2U
323,Gibi ASMR,2016-06-18,1528493,381687831,2016-10-30,The Cranial Nerve Exam - ASMR,7227794,51460,2459,https://www.youtube.com/watch?v=B1NXNlXFViY
324,Gibi ASMR,2016-06-18,1528493,381687831,2016-10-28,ASMR GRUDGE MATCH - Roleplay Parody,212181,3525,107,https://www.youtube.com/watch?v=INEpilcuclk
325,Gibi ASMR,2016-06-18,1528493,381687831,2016-10-25,Whispering Your Name - Personal Name Trigger Part 2 (October!),259280,2828,101,https://www.youtube.com/watch?v=I-9lMZsq2-M
326,Gibi ASMR,2016-06-18,1528493,381687831,2016-10-23,Allergy Test & Skin Treatment (ASMR),2172785,17077,849,https://www.youtube.com/watch?v=jicQpYSHtVo
327,Gibi ASMR,2016-06-18,1528493,381687831,2016-10-19,Finger Licking & Page Turning Cosmo (ASMR),141904,1831,55,https://www.youtube.com/watch?v=wv4wPC7W4Ag
328,Gibi ASMR,2016-06-18,1528493,381687831,2016-10-13,36 Questions That Lead to Love - ASMR (Part 1),413504,5970,147,https://www.youtube.com/watch?v=yYCyrZHYcSs
329,Gibi ASMR,2016-06-18,1528493,381687831,2016-10-04,ASMR Doctor Roleplay - Yearly Check-up,2859618,20852,948,https://www.youtube.com/watch?v=kYueR4HLhyk
330,Gibi ASMR,2016-06-18,1528493,381687831,2016-09-24,"ASMR Get Ready With Me! (Hair, Makeup, Clothes, Nails!)",1072867,12247,395,https://www.youtube.com/watch?v=WX3o_C-b-y8
331,Gibi ASMR,2016-06-18,1528493,381687831,2016-09-22,ASMR Real Person Back Scratch/Massage! (For Sleep and Relaxation),416677,3353,249,https://www.youtube.com/watch?v=a8-Em8IN-OY
332,Gibi ASMR,2016-06-18,1528493,381687831,2016-09-13,"ASMR - Face Brushing, Drawing, and Touching for Sleep (Personal)",1760089,18129,518,https://www.youtube.com/watch?v=X1RK2Uqfoew
333,Gibi ASMR,2016-06-18,1528493,381687831,2016-09-07,ASMR - Whispering Your Name! (Part 1 - September),298663,3316,160,https://www.youtube.com/watch?v=gJ7bUjF0gfw
334,Gibi ASMR,2016-06-18,1528493,381687831,2016-08-29,ASMR - Ear to Ear Hand Sounds (Bare & Latex Glove) (Whispering),295627,3878,66,https://www.youtube.com/watch?v=fDOqYHCJ9A8
335,Gibi ASMR,2016-06-18,1528493,381687831,2016-08-25,ASMR - Colored Pencils!! (Coloring Sasuke) (Soft-Spoken),364823,5272,185,https://www.youtube.com/watch?v=YX0kQA1rIi8
336,Gibi ASMR,2016-06-18,1528493,381687831,2016-08-20,ASMR - Raven - Teen Titans Tryouts! (Gender Neutral),1266490,15913,553,https://www.youtube.com/watch?v=nLx2DoJIaNs
337,Gibi ASMR,2016-06-18,1528493,381687831,2016-08-19,ASMR - Tapping & Talking - ONE HOUR!!,765753,9491,339,https://www.youtube.com/watch?v=WuFQDJefNMg
338,Gibi ASMR,2016-06-18,1528493,381687831,2016-08-17,ASMR Roleplay - Study Buddy! (Soft-Spoken),671190,8681,180,https://www.youtube.com/watch?v=pqaf8Ch4LCg
339,Gibi ASMR,2016-06-18,1528493,381687831,2016-08-15,ASMR - Ear to Ear Close Whispering,938435,9330,289,https://www.youtube.com/watch?v=kDwOYXRzETY
340,Gibi ASMR,2016-06-18,1528493,381687831,2016-08-13,ASMR - Counting Down (Extreme Close Up Whispering),359845,4267,193,https://www.youtube.com/watch?v=i5I1DmsQUtU
341,Gibi ASMR,2016-06-18,1528493,381687831,2016-08-09,"ASMR - 3 Triggers for You! (Brushing, Hand Movement, Sea Glass)",409034,4825,122,https://www.youtube.com/watch?v=3dRkeLxAlYI
342,Gibi ASMR,2016-06-18,1528493,381687831,2016-07-27,ASMR - Eye Exam (Nurse Roleplay!),1616413,14952,507,https://www.youtube.com/watch?v=6e6_ziEVsK4
343,Gibi ASMR,2016-06-18,1528493,381687831,2016-07-15,ASMR Attention - Friend Sketching Your Face ~Soft Spoken~,472456,5554,131,https://www.youtube.com/watch?v=1V80GYzngcY
344,Gibi ASMR,2016-06-18,1528493,381687831,2016-06-26,ASMR - First Aid on a Friend (Taking Care of You!) ~Soft Spoken~,225190,3287,77,https://www.youtube.com/watch?v=h40ggDIhgDM
